fps,p_rad,days_r,dm,d_t_d,d_prob,h_i_t,vac_p,inf_p,i_rad,pop,t_inf,n_inf,imm,sus,dec,frames, seed
 1000, 5, 80, 10, 10, 0.02, 0.93, 0.1, 0.97, 5, 1000, 3, 0, 99, 898, 3, 38,  1
 1000, 5, 80, 10, 10, 0.02, 0.93, 0.1, 0.97, 5, 1000, 1, 0, 100, 899, 1, 20,  2
 1000, 5, 80, 10, 10, 0.02, 0.93, 0.1, 0.97, 5, 1000, 1, 0, 100, 899, 1, 16,  3
 1000, 5, 80, 10, 10, 0.02, 0.93, 0.1, 0.97, 5, 1000, 28, 0, 102, 895, 3, 117,  4
 1000, 5, 80, 10, 10, 0.02, 0.93, 0.1, 0.97, 5, 1000, 58, 0, 102, 892, 6, 185,  5
 1000, 5, 80, 10, 10, 0.02, 0.93, 0.1, 0.97, 5, 1000, 2, 0, 100, 898, 2, 56,  6
 1000, 5, 80, 10, 10, 0.02, 0.93, 0.1, 0.97, 5, 1000, 1, 0, 100, 899, 1, 17,  7
 1000, 5, 80, 10, 10, 0.02, 0.93, 0.1, 0.97, 5, 1000, 1, 0, 100, 899, 1, 11,  8
 1000, 5, 80, 10, 10, 0.02, 0.93, 0.1, 0.97, 5, 1000, 6, 0, 100, 895, 5, 81,  9
 1000, 5, 80, 10, 10, 0.02, 0.93, 0.1, 0.97, 5, 1000, 50, 0, 100, 898, 2, 127,  10
 1000, 5, 80, 10, 10, 0.02, 0.93, 0.2, 0.97, 5, 1000, 3, 0, 198, 799, 3, 38,  1
 1000, 5, 80, 10, 10, 0.02, 0.93, 0.2, 0.97, 5, 1000, 1, 0, 200, 799, 1, 20,  2
 1000, 5, 80, 10, 10, 0.02, 0.93, 0.2, 0.97, 5, 1000, 1, 0, 200, 799, 1, 16,  3
 1000, 5, 80, 10, 10, 0.02, 0.93, 0.2, 0.97, 5, 1000, 28, 0, 201, 796, 3, 117,  4
 1000, 5, 80, 10, 10, 0.02, 0.93, 0.2, 0.97, 5, 1000, 58, 0, 201, 793, 6, 185,  5
 1000, 5, 80, 10, 10, 0.02, 0.93, 0.2, 0.97, 5, 1000, 2, 0, 200, 798, 2, 56,  6
 1000, 5, 80, 10, 10, 0.02, 0.93, 0.2, 0.97, 5, 1000, 1, 0, 200, 799, 1, 17,  7
 1000, 5, 80, 10, 10, 0.02, 0.93, 0.2, 0.97, 5, 1000, 1, 0, 200, 799, 1, 11,  8
 1000, 5, 80, 10, 10, 0.02, 0.93, 0.2, 0.97, 5, 1000, 6, 0, 199, 796, 5, 81,  9
 1000, 5, 80, 10, 10, 0.02, 0.93, 0.2, 0.97, 5, 1000, 50, 0, 200, 798, 2, 127,  10
 1000, 5, 80, 10, 10, 0.02, 0.93, 0.3, 0.97, 5, 1000, 3, 0, 298, 699, 3, 38,  1
 1000, 5, 80, 10, 10, 0.02, 0.93, 0.3, 0.97, 5, 1000, 1, 0, 299, 700, 1, 20,  2
 1000, 5, 80, 10, 10, 0.02, 0.93, 0.3, 0.97, 5, 1000, 1, 0, 299, 700, 1, 16,  3
 1000, 5, 80, 10, 10, 0.02, 0.93, 0.3, 0.97, 5, 1000, 28, 0, 299, 698, 3, 117,  4
 1000, 5, 80, 10, 10, 0.02, 0.93, 0.3, 0.97, 5, 1000, 58, 0, 301, 693, 6, 185,  5
 1000, 5, 80, 10, 10, 0.02, 0.93, 0.3, 0.97, 5, 1000, 2, 0, 299, 699, 2, 56,  6
 1000, 5, 80, 10, 10, 0.02, 0.93, 0.3, 0.97, 5, 1000, 1, 0, 300, 699, 1, 17,  7
 1000, 5, 80, 10, 10, 0.02, 0.93, 0.3, 0.97, 5, 1000, 1, 0, 299, 700, 1, 11,  8
 1000, 5, 80, 10, 10, 0.02, 0.93, 0.3, 0.97, 5, 1000, 6, 0, 299, 696, 5, 81,  9
 1000, 5, 80, 10, 10, 0.02, 0.93, 0.3, 0.97, 5, 1000, 50, 0, 300, 698, 2, 127,  10
 1000, 5, 80, 10, 10, 0.02, 0.93, 0.4, 0.97, 5, 1000, 3, 0, 397, 600, 3, 38,  1
 1000, 5, 80, 10, 10, 0.02, 0.93, 0.4, 0.97, 5, 1000, 1, 0, 399, 600, 1, 20,  2
 1000, 5, 80, 10, 10, 0.02, 0.93, 0.4, 0.97, 5, 1000, 1, 0, 398, 601, 1, 16,  3
 1000, 5, 80, 10, 10, 0.02, 0.93, 0.4, 0.97, 5, 1000, 28, 0, 399, 598, 3, 117,  4
 1000, 5, 80, 10, 10, 0.02, 0.93, 0.4, 0.97, 5, 1000, 58, 0, 399, 595, 6, 185,  5
 1000, 5, 80, 10, 10, 0.02, 0.93, 0.4, 0.97, 5, 1000, 2, 0, 399, 599, 2, 56,  6
 1000, 5, 80, 10, 10, 0.02, 0.93, 0.4, 0.97, 5, 1000, 1, 0, 399, 600, 1, 17,  7
 1000, 5, 80, 10, 10, 0.02, 0.93, 0.4, 0.97, 5, 1000, 1, 0, 399, 600, 1, 11,  8
 1000, 5, 80, 10, 10, 0.02, 0.93, 0.4, 0.97, 5, 1000, 6, 0, 397, 598, 5, 81,  9
 1000, 5, 80, 10, 10, 0.02, 0.93, 0.4, 0.97, 5, 1000, 50, 0, 400, 598, 2, 127,  10
 1000, 5, 80, 10, 10, 0.02, 0.93, 0.5, 0.97, 5, 1000, 3, 0, 497, 500, 3, 38,  1
 1000, 5, 80, 10, 10, 0.02, 0.93, 0.5, 0.97, 5, 1000, 1, 0, 499, 500, 1, 20,  2
 1000, 5, 80, 10, 10, 0.02, 0.93, 0.5, 0.97, 5, 1000, 1, 0, 498, 501, 1, 16,  3
 1000, 5, 80, 10, 10, 0.02, 0.93, 0.5, 0.97, 5, 1000, 28, 0, 498, 499, 3, 117,  4
 1000, 5, 80, 10, 10, 0.02, 0.93, 0.5, 0.97, 5, 1000, 58, 0, 499, 495, 6, 185,  5
 1000, 5, 80, 10, 10, 0.02, 0.93, 0.5, 0.97, 5, 1000, 2, 0, 499, 499, 2, 56,  6
 1000, 5, 80, 10, 10, 0.02, 0.93, 0.5, 0.97, 5, 1000, 1, 0, 499, 500, 1, 17,  7
 1000, 5, 80, 10, 10, 0.02, 0.93, 0.5, 0.97, 5, 1000, 1, 0, 499, 500, 1, 11,  8
 1000, 5, 80, 10, 10, 0.02, 0.93, 0.5, 0.97, 5, 1000, 6, 0, 495, 500, 5, 81,  9
 1000, 5, 80, 10, 10, 0.02, 0.93, 0.5, 0.97, 5, 1000, 50, 0, 500, 498, 2, 127,  10
 1000, 5, 80, 10, 10, 0.02, 0.93, 0.6, 0.97, 5, 1000, 3, 0, 597, 400, 3, 38,  1
 1000, 5, 80, 10, 10, 0.02, 0.93, 0.6, 0.97, 5, 1000, 1, 0, 599, 400, 1, 20,  2
 1000, 5, 80, 10, 10, 0.02, 0.93, 0.6, 0.97, 5, 1000, 1, 0, 598, 401, 1, 16,  3
 1000, 5, 80, 10, 10, 0.02, 0.93, 0.6, 0.97, 5, 1000, 28, 0, 598, 399, 3, 117,  4
 1000, 5, 80, 10, 10, 0.02, 0.93, 0.6, 0.97, 5, 1000, 58, 0, 599, 395, 6, 185,  5
 1000, 5, 80, 10, 10, 0.02, 0.93, 0.6, 0.97, 5, 1000, 2, 0, 599, 399, 2, 56,  6
 1000, 5, 80, 10, 10, 0.02, 0.93, 0.6, 0.97, 5, 1000, 1, 0, 599, 400, 1, 17,  7
 1000, 5, 80, 10, 10, 0.02, 0.93, 0.6, 0.97, 5, 1000, 1, 0, 599, 400, 1, 11,  8
 1000, 5, 80, 10, 10, 0.02, 0.93, 0.6, 0.97, 5, 1000, 6, 0, 595, 400, 5, 81,  9
 1000, 5, 80, 10, 10, 0.02, 0.93, 0.6, 0.97, 5, 1000, 50, 0, 598, 400, 2, 127,  10
 1000, 5, 80, 10, 10, 0.02, 0.93, 0.7, 0.97, 5, 1000, 3, 0, 697, 300, 3, 38,  1
 1000, 5, 80, 10, 10, 0.02, 0.93, 0.7, 0.97, 5, 1000, 1, 0, 699, 300, 1, 20,  2
 1000, 5, 80, 10, 10, 0.02, 0.93, 0.7, 0.97, 5, 1000, 1, 0, 698, 301, 1, 16,  3
 1000, 5, 80, 10, 10, 0.02, 0.93, 0.7, 0.97, 5, 1000, 28, 0, 698, 299, 3, 117,  4
 1000, 5, 80, 10, 10, 0.02, 0.93, 0.7, 0.97, 5, 1000, 58, 0, 698, 296, 6, 185,  5
 1000, 5, 80, 10, 10, 0.02, 0.93, 0.7, 0.97, 5, 1000, 2, 0, 699, 299, 2, 56,  6
 1000, 5, 80, 10, 10, 0.02, 0.93, 0.7, 0.97, 5, 1000, 1, 0, 699, 300, 1, 17,  7
 1000, 5, 80, 10, 10, 0.02, 0.93, 0.7, 0.97, 5, 1000, 1, 0, 699, 300, 1, 11,  8
 1000, 5, 80, 10, 10, 0.02, 0.93, 0.7, 0.97, 5, 1000, 6, 0, 695, 300, 5, 81,  9
 1000, 5, 80, 10, 10, 0.02, 0.93, 0.7, 0.97, 5, 1000, 50, 0, 698, 300, 2, 127,  10
 1000, 5, 80, 10, 10, 0.02, 0.93, 0.8, 0.97, 5, 1000, 3, 0, 796, 201, 3, 38,  1
 1000, 5, 80, 10, 10, 0.02, 0.93, 0.8, 0.97, 5, 1000, 1, 0, 799, 200, 1, 20,  2
 1000, 5, 80, 10, 10, 0.02, 0.93, 0.8, 0.97, 5, 1000, 1, 0, 798, 201, 1, 16,  3
 1000, 5, 80, 10, 10, 0.02, 0.93, 0.8, 0.97, 5, 1000, 28, 0, 798, 199, 3, 117,  4
 1000, 5, 80, 10, 10, 0.02, 0.93, 0.8, 0.97, 5, 1000, 58, 0, 797, 197, 6, 185,  5
 1000, 5, 80, 10, 10, 0.02, 0.93, 0.8, 0.97, 5, 1000, 2, 0, 799, 199, 2, 56,  6
 1000, 5, 80, 10, 10, 0.02, 0.93, 0.8, 0.97, 5, 1000, 1, 0, 799, 200, 1, 17,  7
 1000, 5, 80, 10, 10, 0.02, 0.93, 0.8, 0.97, 5, 1000, 1, 0, 799, 200, 1, 11,  8
 1000, 5, 80, 10, 10, 0.02, 0.93, 0.8, 0.97, 5, 1000, 6, 0, 794, 201, 5, 81,  9
 1000, 5, 80, 10, 10, 0.02, 0.93, 0.8, 0.97, 5, 1000, 50, 0, 798, 200, 2, 127,  10
 1000, 5, 80, 10, 10, 0.02, 0.93, 0.9, 0.97, 5, 1000, 3, 0, 896, 101, 3, 38,  1
 1000, 5, 80, 10, 10, 0.02, 0.93, 0.9, 0.97, 5, 1000, 1, 0, 899, 100, 1, 20,  2
 1000, 5, 80, 10, 10, 0.02, 0.93, 0.9, 0.97, 5, 1000, 1, 0, 898, 101, 1, 16,  3
 1000, 5, 80, 10, 10, 0.02, 0.93, 0.9, 0.97, 5, 1000, 28, 0, 898, 99, 3, 117,  4
 1000, 5, 80, 10, 10, 0.02, 0.93, 0.9, 0.97, 5, 1000, 58, 0, 897, 97, 6, 185,  5
 1000, 5, 80, 10, 10, 0.02, 0.93, 0.9, 0.97, 5, 1000, 2, 0, 898, 100, 2, 56,  6
 1000, 5, 80, 10, 10, 0.02, 0.93, 0.9, 0.97, 5, 1000, 1, 0, 898, 101, 1, 17,  7
 1000, 5, 80, 10, 10, 0.02, 0.93, 0.9, 0.97, 5, 1000, 1, 0, 898, 101, 1, 11,  8
 1000, 5, 80, 10, 10, 0.02, 0.93, 0.9, 0.97, 5, 1000, 6, 0, 894, 101, 5, 81,  9
 1000, 5, 80, 10, 10, 0.02, 0.93, 0.9, 0.97, 5, 1000, 50, 0, 898, 100, 2, 127,  10
 1000, 5, 80, 10, 10, 0.02, 0.93, 1, 0.97, 5, 1000, 3, 0, 996, 1, 3, 38,  1
 1000, 5, 80, 10, 10, 0.02, 0.93, 1, 0.97, 5, 1000, 1, 0, 998, 1, 1, 20,  2
 1000, 5, 80, 10, 10, 0.02, 0.93, 1, 0.97, 5, 1000, 1, 0, 998, 1, 1, 16,  3
 1000, 5, 80, 10, 10, 0.02, 0.93, 1, 0.97, 5, 1000, 28, 0, 996, 1, 3, 117,  4
 1000, 5, 80, 10, 10, 0.02, 0.93, 1, 0.97, 5, 1000, 58, 0, 993, 1, 6, 185,  5
 1000, 5, 80, 10, 10, 0.02, 0.93, 1, 0.97, 5, 1000, 2, 0, 997, 1, 2, 56,  6
 1000, 5, 80, 10, 10, 0.02, 0.93, 1, 0.97, 5, 1000, 1, 0, 998, 1, 1, 17,  7
 1000, 5, 80, 10, 10, 0.02, 0.93, 1, 0.97, 5, 1000, 1, 0, 998, 1, 1, 11,  8
 1000, 5, 80, 10, 10, 0.02, 0.93, 1, 0.97, 5, 1000, 6, 0, 994, 1, 5, 81,  9
 1000, 5, 80, 10, 10, 0.02, 0.93, 1, 0.97, 5, 1000, 50, 0, 997, 1, 2, 127,  10
 1000, 5, 80, 10, 10, 0.02, 0.93, 0.1, 0.97, 5, 1000, 3, 0, 99, 898, 3, 38,  1
 1000, 5, 80, 10, 10, 0.02, 0.93, 0.1, 0.97, 5, 1000, 1, 0, 100, 899, 1, 20,  2
 1000, 5, 80, 10, 10, 0.02, 0.93, 0.1, 0.97, 5, 1000, 1, 0, 100, 899, 1, 16,  3
 1000, 5, 80, 10, 10, 0.02, 0.93, 0.1, 0.97, 5, 1000, 28, 0, 102, 895, 3, 117,  4
 1000, 5, 80, 10, 10, 0.02, 0.93, 0.1, 0.97, 5, 1000, 92, 0, 101, 887, 12, 281,  5
 1000, 5, 80, 10, 10, 0.02, 0.93, 0.1, 0.97, 5, 1000, 4, 0, 100, 896, 4, 161,  6
 1000, 5, 80, 10, 10, 0.02, 0.93, 0.1, 0.97, 5, 1000, 1, 0, 100, 899, 1, 17,  7
 1000, 5, 80, 10, 10, 0.02, 0.93, 0.1, 0.97, 5, 1000, 1, 0, 100, 899, 1, 11,  8
 1000, 5, 80, 10, 10, 0.02, 0.93, 0.1, 0.97, 5, 1000, 6, 0, 100, 895, 5, 81,  9
 1000, 5, 80, 10, 10, 0.02, 0.93, 0.1, 0.97, 5, 1000, 54, 0, 102, 889, 9, 213,  10
 1000, 5, 80, 10, 10, 0.02, 0.93, 0.2, 0.97, 5, 1000, 3, 0, 198, 799, 3, 38,  1
 1000, 5, 80, 10, 10, 0.02, 0.93, 0.2, 0.97, 5, 1000, 1, 0, 200, 799, 1, 20,  2
 1000, 5, 80, 10, 10, 0.02, 0.93, 0.2, 0.97, 5, 1000, 1, 0, 200, 799, 1, 16,  3
 1000, 5, 80, 10, 10, 0.02, 0.93, 0.2, 0.97, 5, 1000, 28, 0, 201, 796, 3, 117,  4
 1000, 5, 80, 10, 10, 0.02, 0.93, 0.2, 0.97, 5, 1000, 92, 0, 198, 790, 12, 281,  5
 1000, 5, 80, 10, 10, 0.02, 0.93, 0.2, 0.97, 5, 1000, 4, 0, 200, 796, 4, 161,  6
 1000, 5, 80, 10, 10, 0.02, 0.93, 0.2, 0.97, 5, 1000, 1, 0, 200, 799, 1, 17,  7
 1000, 5, 80, 10, 10, 0.02, 0.93, 0.2, 0.97, 5, 1000, 1, 0, 200, 799, 1, 11,  8
 1000, 5, 80, 10, 10, 0.02, 0.93, 0.2, 0.97, 5, 1000, 6, 0, 199, 796, 5, 81,  9
 1000, 5, 80, 10, 10, 0.02, 0.93, 0.2, 0.97, 5, 1000, 54, 0, 200, 791, 9, 213,  10
 1000, 5, 80, 10, 10, 0.02, 0.93, 0.3, 0.97, 5, 1000, 3, 0, 298, 699, 3, 38,  1
 1000, 5, 80, 10, 10, 0.02, 0.93, 0.3, 0.97, 5, 1000, 1, 0, 299, 700, 1, 20,  2
 1000, 5, 80, 10, 10, 0.02, 0.93, 0.3, 0.97, 5, 1000, 1, 0, 299, 700, 1, 16,  3
 1000, 5, 80, 10, 10, 0.02, 0.93, 0.3, 0.97, 5, 1000, 28, 0, 299, 698, 3, 117,  4
 1000, 5, 80, 10, 10, 0.02, 0.93, 0.3, 0.97, 5, 1000, 92, 0, 297, 691, 12, 281,  5
 1000, 5, 80, 10, 10, 0.02, 0.93, 0.3, 0.97, 5, 1000, 4, 0, 299, 697, 4, 161,  6
 1000, 5, 80, 10, 10, 0.02, 0.93, 0.3, 0.97, 5, 1000, 1, 0, 300, 699, 1, 17,  7
 1000, 5, 80, 10, 10, 0.02, 0.93, 0.3, 0.97, 5, 1000, 1, 0, 299, 700, 1, 11,  8
 1000, 5, 80, 10, 10, 0.02, 0.93, 0.3, 0.97, 5, 1000, 6, 0, 299, 696, 5, 81,  9
 1000, 5, 80, 10, 10, 0.02, 0.93, 0.3, 0.97, 5, 1000, 54, 0, 300, 691, 9, 213,  10
 1000, 5, 80, 10, 10, 0.02, 0.93, 0.4, 0.97, 5, 1000, 3, 0, 397, 600, 3, 38,  1
 1000, 5, 80, 10, 10, 0.02, 0.93, 0.4, 0.97, 5, 1000, 1, 0, 399, 600, 1, 20,  2
 1000, 5, 80, 10, 10, 0.02, 0.93, 0.4, 0.97, 5, 1000, 1, 0, 398, 601, 1, 16,  3
 1000, 5, 80, 10, 10, 0.02, 0.93, 0.4, 0.97, 5, 1000, 28, 0, 399, 598, 3, 117,  4
 1000, 5, 80, 10, 10, 0.02, 0.93, 0.4, 0.97, 5, 1000, 92, 0, 395, 593, 12, 281,  5
 1000, 5, 80, 10, 10, 0.02, 0.93, 0.4, 0.97, 5, 1000, 4, 0, 399, 597, 4, 161,  6
 1000, 5, 80, 10, 10, 0.02, 0.93, 0.4, 0.97, 5, 1000, 1, 0, 399, 600, 1, 17,  7
 1000, 5, 80, 10, 10, 0.02, 0.93, 0.4, 0.97, 5, 1000, 1, 0, 399, 600, 1, 11,  8
 1000, 5, 80, 10, 10, 0.02, 0.93, 0.4, 0.97, 5, 1000, 6, 0, 397, 598, 5, 81,  9
 1000, 5, 80, 10, 10, 0.02, 0.93, 0.4, 0.97, 5, 1000, 54, 0, 397, 594, 9, 213,  10
 1000, 5, 80, 10, 10, 0.02, 0.93, 0.5, 0.97, 5, 1000, 3, 0, 497, 500, 3, 38,  1
 1000, 5, 80, 10, 10, 0.02, 0.93, 0.5, 0.97, 5, 1000, 1, 0, 499, 500, 1, 20,  2
 1000, 5, 80, 10, 10, 0.02, 0.93, 0.5, 0.97, 5, 1000, 1, 0, 498, 501, 1, 16,  3
 1000, 5, 80, 10, 10, 0.02, 0.93, 0.5, 0.97, 5, 1000, 28, 0, 498, 499, 3, 117,  4
 1000, 5, 80, 10, 10, 0.02, 0.93, 0.5, 0.97, 5, 1000, 92, 0, 495, 493, 12, 281,  5
 1000, 5, 80, 10, 10, 0.02, 0.93, 0.5, 0.97, 5, 1000, 4, 0, 499, 497, 4, 161,  6
 1000, 5, 80, 10, 10, 0.02, 0.93, 0.5, 0.97, 5, 1000, 1, 0, 499, 500, 1, 17,  7
 1000, 5, 80, 10, 10, 0.02, 0.93, 0.5, 0.97, 5, 1000, 1, 0, 499, 500, 1, 11,  8
 1000, 5, 80, 10, 10, 0.02, 0.93, 0.5, 0.97, 5, 1000, 6, 0, 495, 500, 5, 81,  9
 1000, 5, 80, 10, 10, 0.02, 0.93, 0.5, 0.97, 5, 1000, 54, 0, 495, 496, 9, 213,  10
 1000, 5, 80, 10, 10, 0.02, 0.93, 0.6, 0.97, 5, 1000, 3, 0, 597, 400, 3, 38,  1
 1000, 5, 80, 10, 10, 0.02, 0.93, 0.6, 0.97, 5, 1000, 1, 0, 599, 400, 1, 20,  2
 1000, 5, 80, 10, 10, 0.02, 0.93, 0.6, 0.97, 5, 1000, 1, 0, 598, 401, 1, 16,  3
 1000, 5, 80, 10, 10, 0.02, 0.93, 0.6, 0.97, 5, 1000, 28, 0, 598, 399, 3, 117,  4
 1000, 5, 80, 10, 10, 0.02, 0.93, 0.6, 0.97, 5, 1000, 92, 0, 593, 395, 12, 281,  5
 1000, 5, 80, 10, 10, 0.02, 0.93, 0.6, 0.97, 5, 1000, 4, 0, 597, 399, 4, 161,  6
 1000, 5, 80, 10, 10, 0.02, 0.93, 0.6, 0.97, 5, 1000, 1, 0, 599, 400, 1, 17,  7
 1000, 5, 80, 10, 10, 0.02, 0.93, 0.6, 0.97, 5, 1000, 1, 0, 599, 400, 1, 11,  8
 1000, 5, 80, 10, 10, 0.02, 0.93, 0.6, 0.97, 5, 1000, 6, 0, 595, 400, 5, 81,  9
 1000, 5, 80, 10, 10, 0.02, 0.93, 0.6, 0.97, 5, 1000, 54, 0, 593, 398, 9, 213,  10
 1000, 5, 80, 10, 10, 0.02, 0.93, 0.7, 0.97, 5, 1000, 3, 0, 697, 300, 3, 38,  1
 1000, 5, 80, 10, 10, 0.02, 0.93, 0.7, 0.97, 5, 1000, 1, 0, 699, 300, 1, 20,  2
 1000, 5, 80, 10, 10, 0.02, 0.93, 0.7, 0.97, 5, 1000, 1, 0, 698, 301, 1, 16,  3
 1000, 5, 80, 10, 10, 0.02, 0.93, 0.7, 0.97, 5, 1000, 28, 0, 698, 299, 3, 117,  4
 1000, 5, 80, 10, 10, 0.02, 0.93, 0.7, 0.97, 5, 1000, 92, 0, 691, 297, 12, 281,  5
 1000, 5, 80, 10, 10, 0.02, 0.93, 0.7, 0.97, 5, 1000, 4, 0, 697, 299, 4, 161,  6
 1000, 5, 80, 10, 10, 0.02, 0.93, 0.7, 0.97, 5, 1000, 1, 0, 699, 300, 1, 17,  7
 1000, 5, 80, 10, 10, 0.02, 0.93, 0.7, 0.97, 5, 1000, 1, 0, 699, 300, 1, 11,  8
 1000, 5, 80, 10, 10, 0.02, 0.93, 0.7, 0.97, 5, 1000, 6, 0, 695, 300, 5, 81,  9
 1000, 5, 80, 10, 10, 0.02, 0.93, 0.7, 0.97, 5, 1000, 54, 0, 692, 299, 9, 213,  10
 1000, 5, 80, 10, 10, 0.02, 0.93, 0.8, 0.97, 5, 1000, 3, 0, 796, 201, 3, 38,  1
 1000, 5, 80, 10, 10, 0.02, 0.93, 0.8, 0.97, 5, 1000, 1, 0, 799, 200, 1, 20,  2
 1000, 5, 80, 10, 10, 0.02, 0.93, 0.8, 0.97, 5, 1000, 1, 0, 798, 201, 1, 16,  3
 1000, 5, 80, 10, 10, 0.02, 0.93, 0.8, 0.97, 5, 1000, 28, 0, 798, 199, 3, 117,  4
 1000, 5, 80, 10, 10, 0.02, 0.93, 0.8, 0.97, 5, 1000, 92, 0, 790, 198, 12, 281,  5
 1000, 5, 80, 10, 10, 0.02, 0.93, 0.8, 0.97, 5, 1000, 4, 0, 797, 199, 4, 161,  6
 1000, 5, 80, 10, 10, 0.02, 0.93, 0.8, 0.97, 5, 1000, 1, 0, 799, 200, 1, 17,  7
 1000, 5, 80, 10, 10, 0.02, 0.93, 0.8, 0.97, 5, 1000, 1, 0, 799, 200, 1, 11,  8
 1000, 5, 80, 10, 10, 0.02, 0.93, 0.8, 0.97, 5, 1000, 6, 0, 794, 201, 5, 81,  9
 1000, 5, 80, 10, 10, 0.02, 0.93, 0.8, 0.97, 5, 1000, 54, 0, 792, 199, 9, 213,  10
 1000, 5, 80, 10, 10, 0.02, 0.93, 0.9, 0.97, 5, 1000, 3, 0, 896, 101, 3, 38,  1
 1000, 5, 80, 10, 10, 0.02, 0.93, 0.9, 0.97, 5, 1000, 1, 0, 899, 100, 1, 20,  2
 1000, 5, 80, 10, 10, 0.02, 0.93, 0.9, 0.97, 5, 1000, 1, 0, 898, 101, 1, 16,  3
 1000, 5, 80, 10, 10, 0.02, 0.93, 0.9, 0.97, 5, 1000, 28, 0, 898, 99, 3, 117,  4
 1000, 5, 80, 10, 10, 0.02, 0.93, 0.9, 0.97, 5, 1000, 92, 0, 888, 100, 12, 281,  5
 1000, 5, 80, 10, 10, 0.02, 0.93, 0.9, 0.97, 5, 1000, 4, 0, 896, 100, 4, 161,  6
 1000, 5, 80, 10, 10, 0.02, 0.93, 0.9, 0.97, 5, 1000, 1, 0, 898, 101, 1, 17,  7
 1000, 5, 80, 10, 10, 0.02, 0.93, 0.9, 0.97, 5, 1000, 1, 0, 898, 101, 1, 11,  8
 1000, 5, 80, 10, 10, 0.02, 0.93, 0.9, 0.97, 5, 1000, 6, 0, 894, 101, 5, 81,  9
 1000, 5, 80, 10, 10, 0.02, 0.93, 0.9, 0.97, 5, 1000, 54, 0, 892, 99, 9, 213,  10
 1000, 5, 80, 10, 10, 0.02, 0.93, 1, 0.97, 5, 1000, 3, 0, 996, 1, 3, 38,  1
 1000, 5, 80, 10, 10, 0.02, 0.93, 1, 0.97, 5, 1000, 1, 0, 998, 1, 1, 20,  2
 1000, 5, 80, 10, 10, 0.02, 0.93, 1, 0.97, 5, 1000, 1, 0, 998, 1, 1, 16,  3
 1000, 5, 80, 10, 10, 0.02, 0.93, 1, 0.97, 5, 1000, 28, 0, 996, 1, 3, 117,  4
 1000, 5, 80, 10, 10, 0.02, 0.93, 1, 0.97, 5, 1000, 92, 0, 987, 1, 12, 281,  5
 1000, 5, 80, 10, 10, 0.02, 0.93, 1, 0.97, 5, 1000, 4, 0, 995, 1, 4, 161,  6
 1000, 5, 80, 10, 10, 0.02, 0.93, 1, 0.97, 5, 1000, 1, 0, 998, 1, 1, 17,  7
 1000, 5, 80, 10, 10, 0.02, 0.93, 1, 0.97, 5, 1000, 1, 0, 998, 1, 1, 11,  8
 1000, 5, 80, 10, 10, 0.02, 0.93, 1, 0.97, 5, 1000, 6, 0, 994, 1, 5, 81,  9
 1000, 5, 80, 10, 10, 0.02, 0.93, 1, 0.97, 5, 1000, 54, 0, 990, 1, 9, 213,  10
 1000, 5, 80, 10, 10, 0.02, 0.93, 0.1, 0.97, 5, 1000, 3, 0, 99, 898, 3, 38,  1
 1000, 5, 80, 10, 10, 0.02, 0.93, 0.1, 0.97, 5, 1000, 1, 0, 100, 899, 1, 20,  2
 1000, 5, 80, 10, 10, 0.02, 0.93, 0.1, 0.97, 5, 1000, 1, 0, 100, 899, 1, 16,  3
 1000, 5, 80, 10, 10, 0.02, 0.93, 0.1, 0.97, 5, 1000, 28, 0, 102, 895, 3, 117,  4
 1000, 5, 80, 10, 10, 0.02, 0.93, 0.1, 0.97, 5, 1000, 92, 0, 101, 887, 12, 281,  5
 1000, 5, 80, 10, 10, 0.02, 0.93, 0.1, 0.97, 5, 1000, 4, 0, 100, 896, 4, 161,  6
 1000, 5, 80, 10, 10, 0.02, 0.93, 0.1, 0.97, 5, 1000, 1, 0, 100, 899, 1, 17,  7
 1000, 5, 80, 10, 10, 0.02, 0.93, 0.1, 0.97, 5, 1000, 1, 0, 100, 899, 1, 11,  8
 1000, 5, 80, 10, 10, 0.02, 0.93, 0.1, 0.97, 5, 1000, 6, 0, 100, 895, 5, 81,  9
 1000, 5, 80, 10, 10, 0.02, 0.93, 0.1, 0.97, 5, 1000, 23, 0, 99, 890, 11, 169,  10
 1000, 5, 80, 10, 10, 0.02, 0.93, 0.2, 0.97, 5, 1000, 3, 0, 198, 799, 3, 38,  1
 1000, 5, 80, 10, 10, 0.02, 0.93, 0.2, 0.97, 5, 1000, 1, 0, 200, 799, 1, 20,  2
 1000, 5, 80, 10, 10, 0.02, 0.93, 0.2, 0.97, 5, 1000, 1, 0, 200, 799, 1, 16,  3
 1000, 5, 80, 10, 10, 0.02, 0.93, 0.2, 0.97, 5, 1000, 28, 0, 201, 796, 3, 117,  4
 1000, 5, 80, 10, 10, 0.02, 0.93, 0.2, 0.97, 5, 1000, 92, 0, 198, 790, 12, 281,  5
 1000, 5, 80, 10, 10, 0.02, 0.93, 0.2, 0.97, 5, 1000, 4, 0, 200, 796, 4, 161,  6
 1000, 5, 80, 10, 10, 0.02, 0.93, 0.2, 0.97, 5, 1000, 1, 0, 200, 799, 1, 17,  7
 1000, 5, 80, 10, 10, 0.02, 0.93, 0.2, 0.97, 5, 1000, 1, 0, 200, 799, 1, 11,  8
 1000, 5, 80, 10, 10, 0.02, 0.93, 0.2, 0.97, 5, 1000, 6, 0, 199, 796, 5, 81,  9
 1000, 5, 80, 10, 10, 0.02, 0.93, 0.2, 0.97, 5, 1000, 23, 0, 197, 792, 11, 169,  10
 1000, 5, 80, 10, 10, 0.02, 0.93, 0.3, 0.97, 5, 1000, 3, 0, 298, 699, 3, 38,  1
 1000, 5, 80, 10, 10, 0.02, 0.93, 0.3, 0.97, 5, 1000, 1, 0, 299, 700, 1, 20,  2
 1000, 5, 80, 10, 10, 0.02, 0.93, 0.3, 0.97, 5, 1000, 1, 0, 299, 700, 1, 16,  3
 1000, 5, 80, 10, 10, 0.02, 0.93, 0.3, 0.97, 5, 1000, 28, 0, 299, 698, 3, 117,  4
 1000, 5, 80, 10, 10, 0.02, 0.93, 0.3, 0.97, 5, 1000, 92, 0, 297, 691, 12, 281,  5
 1000, 5, 80, 10, 10, 0.02, 0.93, 0.3, 0.97, 5, 1000, 4, 0, 299, 697, 4, 161,  6
 1000, 5, 80, 10, 10, 0.02, 0.93, 0.3, 0.97, 5, 1000, 1, 0, 300, 699, 1, 17,  7
 1000, 5, 80, 10, 10, 0.02, 0.93, 0.3, 0.97, 5, 1000, 1, 0, 299, 700, 1, 11,  8
 1000, 5, 80, 10, 10, 0.02, 0.93, 0.3, 0.97, 5, 1000, 6, 0, 299, 696, 5, 81,  9
 1000, 5, 80, 10, 10, 0.02, 0.93, 0.3, 0.97, 5, 1000, 23, 0, 297, 692, 11, 169,  10
 1000, 5, 80, 10, 10, 0.02, 0.93, 0.4, 0.97, 5, 1000, 3, 0, 397, 600, 3, 38,  1
 1000, 5, 80, 10, 10, 0.02, 0.93, 0.4, 0.97, 5, 1000, 1, 0, 399, 600, 1, 20,  2
 1000, 5, 80, 10, 10, 0.02, 0.93, 0.4, 0.97, 5, 1000, 1, 0, 398, 601, 1, 16,  3
 1000, 5, 80, 10, 10, 0.02, 0.93, 0.4, 0.97, 5, 1000, 28, 0, 399, 598, 3, 117,  4
 1000, 5, 80, 10, 10, 0.02, 0.93, 0.4, 0.97, 5, 1000, 92, 0, 395, 593, 12, 281,  5
 1000, 5, 80, 10, 10, 0.02, 0.93, 0.4, 0.97, 5, 1000, 4, 0, 399, 597, 4, 161,  6
 1000, 5, 80, 10, 10, 0.02, 0.93, 0.4, 0.97, 5, 1000, 1, 0, 399, 600, 1, 17,  7
 1000, 5, 80, 10, 10, 0.02, 0.93, 0.4, 0.97, 5, 1000, 1, 0, 399, 600, 1, 11,  8
 1000, 5, 80, 10, 10, 0.02, 0.93, 0.4, 0.97, 5, 1000, 6, 0, 397, 598, 5, 81,  9
 1000, 5, 80, 10, 10, 0.02, 0.93, 0.4, 0.97, 5, 1000, 23, 0, 396, 593, 11, 169,  10
 1000, 5, 80, 10, 10, 0.02, 0.93, 0.5, 0.97, 5, 1000, 3, 0, 497, 500, 3, 38,  1
 1000, 5, 80, 10, 10, 0.02, 0.93, 0.5, 0.97, 5, 1000, 1, 0, 499, 500, 1, 20,  2
 1000, 5, 80, 10, 10, 0.02, 0.93, 0.5, 0.97, 5, 1000, 1, 0, 498, 501, 1, 16,  3
 1000, 5, 80, 10, 10, 0.02, 0.93, 0.5, 0.97, 5, 1000, 28, 0, 498, 499, 3, 117,  4
 1000, 5, 80, 10, 10, 0.02, 0.93, 0.5, 0.97, 5, 1000, 92, 0, 495, 493, 12, 281,  5
 1000, 5, 80, 10, 10, 0.02, 0.93, 0.5, 0.97, 5, 1000, 4, 0, 499, 497, 4, 161,  6
 1000, 5, 80, 10, 10, 0.02, 0.93, 0.5, 0.97, 5, 1000, 1, 0, 499, 500, 1, 17,  7
 1000, 5, 80, 10, 10, 0.02, 0.93, 0.5, 0.97, 5, 1000, 1, 0, 499, 500, 1, 11,  8
 1000, 5, 80, 10, 10, 0.02, 0.93, 0.5, 0.97, 5, 1000, 6, 0, 495, 500, 5, 81,  9
 1000, 5, 80, 10, 10, 0.02, 0.93, 0.5, 0.97, 5, 1000, 23, 0, 493, 496, 11, 169,  10
 1000, 5, 80, 10, 10, 0.02, 0.93, 0.6, 0.97, 5, 1000, 3, 0, 597, 400, 3, 38,  1
 1000, 5, 80, 10, 10, 0.02, 0.93, 0.6, 0.97, 5, 1000, 1, 0, 599, 400, 1, 20,  2
 1000, 5, 80, 10, 10, 0.02, 0.93, 0.6, 0.97, 5, 1000, 1, 0, 598, 401, 1, 16,  3
 1000, 5, 80, 10, 10, 0.02, 0.93, 0.6, 0.97, 5, 1000, 28, 0, 598, 399, 3, 117,  4
 1000, 5, 80, 10, 10, 0.02, 0.93, 0.6, 0.97, 5, 1000, 92, 0, 593, 395, 12, 281,  5
 1000, 5, 80, 10, 10, 0.02, 0.93, 0.6, 0.97, 5, 1000, 4, 0, 597, 399, 4, 161,  6
 1000, 5, 80, 10, 10, 0.02, 0.93, 0.6, 0.97, 5, 1000, 1, 0, 599, 400, 1, 17,  7
 1000, 5, 80, 10, 10, 0.02, 0.93, 0.6, 0.97, 5, 1000, 1, 0, 599, 400, 1, 11,  8
 1000, 5, 80, 10, 10, 0.02, 0.93, 0.6, 0.97, 5, 1000, 6, 0, 595, 400, 5, 81,  9
 1000, 5, 80, 10, 10, 0.02, 0.93, 0.6, 0.97, 5, 1000, 23, 0, 591, 398, 11, 169,  10
 1000, 5, 80, 10, 10, 0.02, 0.93, 0.7, 0.97, 5, 1000, 3, 0, 697, 300, 3, 38,  1
 1000, 5, 80, 10, 10, 0.02, 0.93, 0.7, 0.97, 5, 1000, 1, 0, 699, 300, 1, 20,  2
 1000, 5, 80, 10, 10, 0.02, 0.93, 0.7, 0.97, 5, 1000, 1, 0, 698, 301, 1, 16,  3
 1000, 5, 80, 10, 10, 0.02, 0.93, 0.7, 0.97, 5, 1000, 28, 0, 698, 299, 3, 117,  4
 1000, 5, 80, 10, 10, 0.02, 0.93, 0.7, 0.97, 5, 1000, 92, 0, 691, 297, 12, 281,  5
 1000, 5, 80, 10, 10, 0.02, 0.93, 0.7, 0.97, 5, 1000, 4, 0, 697, 299, 4, 161,  6
 1000, 5, 80, 10, 10, 0.02, 0.93, 0.7, 0.97, 5, 1000, 1, 0, 699, 300, 1, 17,  7
 1000, 5, 80, 10, 10, 0.02, 0.93, 0.7, 0.97, 5, 1000, 1, 0, 699, 300, 1, 11,  8
 1000, 5, 80, 10, 10, 0.02, 0.93, 0.7, 0.97, 5, 1000, 6, 0, 695, 300, 5, 81,  9
 1000, 5, 80, 10, 10, 0.02, 0.93, 0.7, 0.97, 5, 1000, 23, 0, 691, 298, 11, 169,  10
 1000, 5, 80, 10, 10, 0.02, 0.93, 0.8, 0.97, 5, 1000, 3, 0, 796, 201, 3, 38,  1
 1000, 5, 80, 10, 10, 0.02, 0.93, 0.8, 0.97, 5, 1000, 1, 0, 799, 200, 1, 20,  2
 1000, 5, 80, 10, 10, 0.02, 0.93, 0.8, 0.97, 5, 1000, 1, 0, 798, 201, 1, 16,  3
 1000, 5, 80, 10, 10, 0.02, 0.93, 0.8, 0.97, 5, 1000, 28, 0, 798, 199, 3, 117,  4
 1000, 5, 80, 10, 10, 0.02, 0.93, 0.8, 0.97, 5, 1000, 92, 0, 790, 198, 12, 281,  5
 1000, 5, 80, 10, 10, 0.02, 0.93, 0.8, 0.97, 5, 1000, 4, 0, 797, 199, 4, 161,  6
 1000, 5, 80, 10, 10, 0.02, 0.93, 0.8, 0.97, 5, 1000, 1, 0, 799, 200, 1, 17,  7
 1000, 5, 80, 10, 10, 0.02, 0.93, 0.8, 0.97, 5, 1000, 1, 0, 799, 200, 1, 11,  8
 1000, 5, 80, 10, 10, 0.02, 0.93, 0.8, 0.97, 5, 1000, 6, 0, 794, 201, 5, 81,  9
 1000, 5, 80, 10, 10, 0.02, 0.93, 0.8, 0.97, 5, 1000, 23, 0, 790, 199, 11, 169,  10
 1000, 5, 80, 10, 10, 0.02, 0.93, 0.9, 0.97, 5, 1000, 3, 0, 896, 101, 3, 38,  1
 1000, 5, 80, 10, 10, 0.02, 0.93, 0.9, 0.97, 5, 1000, 1, 0, 899, 100, 1, 20,  2
 1000, 5, 80, 10, 10, 0.02, 0.93, 0.9, 0.97, 5, 1000, 1, 0, 898, 101, 1, 16,  3
 1000, 5, 80, 10, 10, 0.02, 0.93, 0.9, 0.97, 5, 1000, 28, 0, 898, 99, 3, 117,  4
 1000, 5, 80, 10, 10, 0.02, 0.93, 0.9, 0.97, 5, 1000, 92, 0, 888, 100, 12, 281,  5
 1000, 5, 80, 10, 10, 0.02, 0.93, 0.9, 0.97, 5, 1000, 4, 0, 896, 100, 4, 161,  6
 1000, 5, 80, 10, 10, 0.02, 0.93, 0.9, 0.97, 5, 1000, 1, 0, 898, 101, 1, 17,  7
 1000, 5, 80, 10, 10, 0.02, 0.93, 0.9, 0.97, 5, 1000, 1, 0, 898, 101, 1, 11,  8
 1000, 5, 80, 10, 10, 0.02, 0.93, 0.9, 0.97, 5, 1000, 6, 0, 894, 101, 5, 81,  9
 1000, 5, 80, 10, 10, 0.02, 0.93, 0.9, 0.97, 5, 1000, 23, 0, 890, 99, 11, 169,  10
 1000, 5, 80, 10, 10, 0.02, 0.93, 1, 0.97, 5, 1000, 3, 0, 996, 1, 3, 38,  1
 1000, 5, 80, 10, 10, 0.02, 0.93, 1, 0.97, 5, 1000, 1, 0, 998, 1, 1, 20,  2
 1000, 5, 80, 10, 10, 0.02, 0.93, 1, 0.97, 5, 1000, 1, 0, 998, 1, 1, 16,  3
 1000, 5, 80, 10, 10, 0.02, 0.93, 1, 0.97, 5, 1000, 28, 0, 996, 1, 3, 117,  4
 1000, 5, 80, 10, 10, 0.02, 0.93, 1, 0.97, 5, 1000, 92, 0, 987, 1, 12, 281,  5
 1000, 5, 80, 10, 10, 0.02, 0.93, 1, 0.97, 5, 1000, 4, 0, 995, 1, 4, 161,  6
 1000, 5, 80, 10, 10, 0.02, 0.93, 1, 0.97, 5, 1000, 1, 0, 998, 1, 1, 17,  7
 1000, 5, 80, 10, 10, 0.02, 0.93, 1, 0.97, 5, 1000, 1, 0, 998, 1, 1, 11,  8
 1000, 5, 80, 10, 10, 0.02, 0.93, 1, 0.97, 5, 1000, 6, 0, 994, 1, 5, 81,  9
 1000, 5, 80, 10, 10, 0.02, 0.93, 1, 0.97, 5, 1000, 23, 0, 988, 1, 11, 169,  10
 1000, 5, 80, 10, 10, 0.02, 0.93, 0.1, 0.97, 5, 1000, 3, 0, 99, 898, 3, 38,  1
 1000, 5, 80, 10, 10, 0.02, 0.93, 0.1, 0.97, 5, 1000, 1, 0, 100, 899, 1, 20,  2
 1000, 5, 80, 10, 10, 0.02, 0.93, 0.1, 0.97, 5, 1000, 1, 0, 100, 899, 1, 16,  3
 1000, 5, 80, 10, 10, 0.02, 0.93, 0.1, 0.97, 5, 1000, 28, 0, 102, 895, 3, 117,  4
 1000, 5, 80, 10, 10, 0.02, 0.93, 0.1, 0.97, 5, 1000, 63, 0, 99, 893, 8, 144,  5
 1000, 5, 80, 10, 10, 0.02, 0.93, 0.1, 0.97, 5, 1000, 4, 0, 100, 896, 4, 161,  6
 1000, 5, 80, 10, 10, 0.02, 0.93, 0.1, 0.97, 5, 1000, 1, 0, 100, 899, 1, 17,  7
 1000, 5, 80, 10, 10, 0.02, 0.93, 0.1, 0.97, 5, 1000, 35, 0, 103, 895, 2, 121,  8
 1000, 5, 80, 10, 10, 0.02, 0.93, 0.1, 0.97, 5, 1000, 148, 0, 102, 889, 9, 248,  9
 1000, 5, 80, 10, 10, 0.02, 0.93, 0.1, 0.97, 5, 1000, 23, 0, 99, 890, 11, 169,  10
 1000, 5, 80, 10, 10, 0.02, 0.93, 0.2, 0.97, 5, 1000, 3, 0, 198, 799, 3, 38,  1
 1000, 5, 80, 10, 10, 0.02, 0.93, 0.2, 0.97, 5, 1000, 1, 0, 200, 799, 1, 20,  2
 1000, 5, 80, 10, 10, 0.02, 0.93, 0.2, 0.97, 5, 1000, 1, 0, 200, 799, 1, 16,  3
 1000, 5, 80, 10, 10, 0.02, 0.93, 0.2, 0.97, 5, 1000, 28, 0, 201, 796, 3, 117,  4
 1000, 5, 80, 10, 10, 0.02, 0.93, 0.2, 0.97, 5, 1000, 63, 0, 197, 795, 8, 144,  5
 1000, 5, 80, 10, 10, 0.02, 0.93, 0.2, 0.97, 5, 1000, 4, 0, 200, 796, 4, 161,  6
 1000, 5, 80, 10, 10, 0.02, 0.93, 0.2, 0.97, 5, 1000, 1, 0, 200, 799, 1, 17,  7
 1000, 5, 80, 10, 10, 0.02, 0.93, 0.2, 0.97, 5, 1000, 35, 0, 203, 795, 2, 121,  8
 1000, 5, 80, 10, 10, 0.02, 0.93, 0.2, 0.97, 5, 1000, 148, 0, 201, 790, 9, 248,  9
 1000, 5, 80, 10, 10, 0.02, 0.93, 0.2, 0.97, 5, 1000, 23, 0, 197, 792, 11, 169,  10
 1000, 5, 80, 10, 10, 0.02, 0.93, 0.3, 0.97, 5, 1000, 3, 0, 298, 699, 3, 38,  1
 1000, 5, 80, 10, 10, 0.02, 0.93, 0.3, 0.97, 5, 1000, 1, 0, 299, 700, 1, 20,  2
 1000, 5, 80, 10, 10, 0.02, 0.93, 0.3, 0.97, 5, 1000, 1, 0, 299, 700, 1, 16,  3
 1000, 5, 80, 10, 10, 0.02, 0.93, 0.3, 0.97, 5, 1000, 28, 0, 299, 698, 3, 117,  4
 1000, 5, 80, 10, 10, 0.02, 0.93, 0.3, 0.97, 5, 1000, 63, 0, 296, 696, 8, 144,  5
 1000, 5, 80, 10, 10, 0.02, 0.93, 0.3, 0.97, 5, 1000, 4, 0, 299, 697, 4, 161,  6
 1000, 5, 80, 10, 10, 0.02, 0.93, 0.3, 0.97, 5, 1000, 1, 0, 300, 699, 1, 17,  7
 1000, 5, 80, 10, 10, 0.02, 0.93, 0.3, 0.97, 5, 1000, 35, 0, 299, 699, 2, 121,  8
 1000, 5, 80, 10, 10, 0.02, 0.93, 0.3, 0.97, 5, 1000, 148, 0, 300, 691, 9, 248,  9
 1000, 5, 80, 10, 10, 0.02, 0.93, 0.3, 0.97, 5, 1000, 23, 0, 297, 692, 11, 169,  10
 1000, 5, 80, 10, 10, 0.02, 0.93, 0.4, 0.97, 5, 1000, 3, 0, 397, 600, 3, 38,  1
 1000, 5, 80, 10, 10, 0.02, 0.93, 0.4, 0.97, 5, 1000, 1, 0, 399, 600, 1, 20,  2
 1000, 5, 80, 10, 10, 0.02, 0.93, 0.4, 0.97, 5, 1000, 1, 0, 398, 601, 1, 16,  3
 1000, 5, 80, 10, 10, 0.02, 0.93, 0.4, 0.97, 5, 1000, 28, 0, 399, 598, 3, 117,  4
 1000, 5, 80, 10, 10, 0.02, 0.93, 0.4, 0.97, 5, 1000, 63, 0, 394, 598, 8, 144,  5
 1000, 5, 80, 10, 10, 0.02, 0.93, 0.4, 0.97, 5, 1000, 4, 0, 399, 597, 4, 161,  6
 1000, 5, 80, 10, 10, 0.02, 0.93, 0.4, 0.97, 5, 1000, 1, 0, 399, 600, 1, 17,  7
 1000, 5, 80, 10, 10, 0.02, 0.93, 0.4, 0.97, 5, 1000, 35, 0, 399, 599, 2, 121,  8
 1000, 5, 80, 10, 10, 0.02, 0.93, 0.4, 0.97, 5, 1000, 148, 0, 397, 594, 9, 248,  9
 1000, 5, 80, 10, 10, 0.02, 0.93, 0.4, 0.97, 5, 1000, 23, 0, 396, 593, 11, 169,  10
 1000, 5, 80, 10, 10, 0.02, 0.93, 0.5, 0.97, 5, 1000, 3, 0, 497, 500, 3, 38,  1
 1000, 5, 80, 10, 10, 0.02, 0.93, 0.5, 0.97, 5, 1000, 1, 0, 499, 500, 1, 20,  2
 1000, 5, 80, 10, 10, 0.02, 0.93, 0.5, 0.97, 5, 1000, 1, 0, 498, 501, 1, 16,  3
 1000, 5, 80, 10, 10, 0.02, 0.93, 0.5, 0.97, 5, 1000, 28, 0, 498, 499, 3, 117,  4
 1000, 5, 80, 10, 10, 0.02, 0.93, 0.5, 0.97, 5, 1000, 63, 0, 494, 498, 8, 144,  5
 1000, 5, 80, 10, 10, 0.02, 0.93, 0.5, 0.97, 5, 1000, 4, 0, 499, 497, 4, 161,  6
 1000, 5, 80, 10, 10, 0.02, 0.93, 0.5, 0.97, 5, 1000, 1, 0, 499, 500, 1, 17,  7
 1000, 5, 80, 10, 10, 0.02, 0.93, 0.5, 0.97, 5, 1000, 35, 0, 499, 499, 2, 121,  8
 1000, 5, 80, 10, 10, 0.02, 0.93, 0.5, 0.97, 5, 1000, 148, 0, 495, 496, 9, 248,  9
 1000, 5, 80, 10, 10, 0.02, 0.93, 0.5, 0.97, 5, 1000, 23, 0, 493, 496, 11, 169,  10
 1000, 5, 80, 10, 10, 0.02, 0.93, 0.6, 0.97, 5, 1000, 3, 0, 597, 400, 3, 38,  1
 1000, 5, 80, 10, 10, 0.02, 0.93, 0.6, 0.97, 5, 1000, 1, 0, 599, 400, 1, 20,  2
 1000, 5, 80, 10, 10, 0.02, 0.93, 0.6, 0.97, 5, 1000, 1, 0, 598, 401, 1, 16,  3
 1000, 5, 80, 10, 10, 0.02, 0.93, 0.6, 0.97, 5, 1000, 28, 0, 598, 399, 3, 117,  4
 1000, 5, 80, 10, 10, 0.02, 0.93, 0.6, 0.97, 5, 1000, 63, 0, 594, 398, 8, 144,  5
 1000, 5, 80, 10, 10, 0.02, 0.93, 0.6, 0.97, 5, 1000, 4, 0, 597, 399, 4, 161,  6
 1000, 5, 80, 10, 10, 0.02, 0.93, 0.6, 0.97, 5, 1000, 1, 0, 599, 400, 1, 17,  7
 1000, 5, 80, 10, 10, 0.02, 0.93, 0.6, 0.97, 5, 1000, 35, 0, 598, 400, 2, 121,  8
 1000, 5, 80, 10, 10, 0.02, 0.93, 0.6, 0.97, 5, 1000, 148, 0, 594, 397, 9, 248,  9
 1000, 5, 80, 10, 10, 0.02, 0.93, 0.6, 0.97, 5, 1000, 23, 0, 591, 398, 11, 169,  10
 1000, 5, 80, 10, 10, 0.02, 0.93, 0.7, 0.97, 5, 1000, 3, 0, 697, 300, 3, 38,  1
 1000, 5, 80, 10, 10, 0.02, 0.93, 0.7, 0.97, 5, 1000, 1, 0, 699, 300, 1, 20,  2
 1000, 5, 80, 10, 10, 0.02, 0.93, 0.7, 0.97, 5, 1000, 1, 0, 698, 301, 1, 16,  3
 1000, 5, 80, 10, 10, 0.02, 0.93, 0.7, 0.97, 5, 1000, 28, 0, 698, 299, 3, 117,  4
 1000, 5, 80, 10, 10, 0.02, 0.93, 0.7, 0.97, 5, 1000, 63, 0, 693, 299, 8, 144,  5
 1000, 5, 80, 10, 10, 0.02, 0.93, 0.7, 0.97, 5, 1000, 4, 0, 697, 299, 4, 161,  6
 1000, 5, 80, 10, 10, 0.02, 0.93, 0.7, 0.97, 5, 1000, 1, 0, 699, 300, 1, 17,  7
 1000, 5, 80, 10, 10, 0.02, 0.93, 0.7, 0.97, 5, 1000, 35, 0, 698, 300, 2, 121,  8
 1000, 5, 80, 10, 10, 0.02, 0.93, 0.7, 0.97, 5, 1000, 148, 0, 693, 298, 9, 248,  9
 1000, 5, 80, 10, 10, 0.02, 0.93, 0.7, 0.97, 5, 1000, 23, 0, 691, 298, 11, 169,  10
 1000, 5, 80, 10, 10, 0.02, 0.93, 0.8, 0.97, 5, 1000, 3, 0, 796, 201, 3, 38,  1
 1000, 5, 80, 10, 10, 0.02, 0.93, 0.8, 0.97, 5, 1000, 1, 0, 799, 200, 1, 20,  2
 1000, 5, 80, 10, 10, 0.02, 0.93, 0.8, 0.97, 5, 1000, 1, 0, 798, 201, 1, 16,  3
 1000, 5, 80, 10, 10, 0.02, 0.93, 0.8, 0.97, 5, 1000, 28, 0, 798, 199, 3, 117,  4
 1000, 5, 80, 10, 10, 0.02, 0.93, 0.8, 0.97, 5, 1000, 63, 0, 792, 200, 8, 144,  5
 1000, 5, 80, 10, 10, 0.02, 0.93, 0.8, 0.97, 5, 1000, 4, 0, 797, 199, 4, 161,  6
 1000, 5, 80, 10, 10, 0.02, 0.93, 0.8, 0.97, 5, 1000, 1, 0, 799, 200, 1, 17,  7
 1000, 5, 80, 10, 10, 0.02, 0.93, 0.8, 0.97, 5, 1000, 35, 0, 798, 200, 2, 121,  8
 1000, 5, 80, 10, 10, 0.02, 0.93, 0.8, 0.97, 5, 1000, 148, 0, 792, 199, 9, 248,  9
 1000, 5, 80, 10, 10, 0.02, 0.93, 0.8, 0.97, 5, 1000, 23, 0, 790, 199, 11, 169,  10
 1000, 5, 80, 10, 10, 0.02, 0.93, 0.9, 0.97, 5, 1000, 3, 0, 896, 101, 3, 38,  1
 1000, 5, 80, 10, 10, 0.02, 0.93, 0.9, 0.97, 5, 1000, 1, 0, 899, 100, 1, 20,  2
 1000, 5, 80, 10, 10, 0.02, 0.93, 0.9, 0.97, 5, 1000, 1, 0, 898, 101, 1, 16,  3
 1000, 5, 80, 10, 10, 0.02, 0.93, 0.9, 0.97, 5, 1000, 28, 0, 898, 99, 3, 117,  4
 1000, 5, 80, 10, 10, 0.02, 0.93, 0.9, 0.97, 5, 1000, 63, 0, 892, 100, 8, 144,  5
 1000, 5, 80, 10, 10, 0.02, 0.93, 0.9, 0.97, 5, 1000, 4, 0, 896, 100, 4, 161,  6
 1000, 5, 80, 10, 10, 0.02, 0.93, 0.9, 0.97, 5, 1000, 1, 0, 898, 101, 1, 17,  7
 1000, 5, 80, 10, 10, 0.02, 0.93, 0.9, 0.97, 5, 1000, 35, 0, 897, 101, 2, 121,  8
 1000, 5, 80, 10, 10, 0.02, 0.93, 0.9, 0.97, 5, 1000, 148, 0, 891, 100, 9, 248,  9
 1000, 5, 80, 10, 10, 0.02, 0.93, 0.9, 0.97, 5, 1000, 23, 0, 890, 99, 11, 169,  10
 1000, 5, 80, 10, 10, 0.02, 0.93, 1, 0.97, 5, 1000, 3, 0, 996, 1, 3, 38,  1
 1000, 5, 80, 10, 10, 0.02, 0.93, 1, 0.97, 5, 1000, 1, 0, 998, 1, 1, 20,  2
 1000, 5, 80, 10, 10, 0.02, 0.93, 1, 0.97, 5, 1000, 1, 0, 998, 1, 1, 16,  3
 1000, 5, 80, 10, 10, 0.02, 0.93, 1, 0.97, 5, 1000, 28, 0, 996, 1, 3, 117,  4
 1000, 5, 80, 10, 10, 0.02, 0.93, 1, 0.97, 5, 1000, 63, 0, 991, 1, 8, 144,  5
 1000, 5, 80, 10, 10, 0.02, 0.93, 1, 0.97, 5, 1000, 4, 0, 995, 1, 4, 161,  6
 1000, 5, 80, 10, 10, 0.02, 0.93, 1, 0.97, 5, 1000, 1, 0, 998, 1, 1, 17,  7
 1000, 5, 80, 10, 10, 0.02, 0.93, 1, 0.97, 5, 1000, 35, 0, 997, 1, 2, 121,  8
 1000, 5, 80, 10, 10, 0.02, 0.93, 1, 0.97, 5, 1000, 148, 0, 990, 1, 9, 248,  9
 1000, 5, 80, 10, 10, 0.02, 0.93, 1, 0.97, 5, 1000, 23, 0, 988, 1, 11, 169,  10
 1000, 5, 80, 10, 10, 0.02, 0.93, 0.1, 0.97, 5, 1000, 3, 0, 99, 898, 3, 38,  1
 1000, 5, 80, 10, 10, 0.02, 0.93, 0.1, 0.97, 5, 1000, 1, 0, 100, 899, 1, 20,  2
 1000, 5, 80, 10, 10, 0.02, 0.93, 0.1, 0.97, 5, 1000, 2, 0, 100, 898, 2, 33,  3
 1000, 5, 80, 10, 10, 0.02, 0.93, 0.1, 0.97, 5, 1000, 28, 0, 102, 895, 3, 117,  4
 1000, 5, 80, 10, 10, 0.02, 0.93, 0.1, 0.97, 5, 1000, 84, 0, 98, 891, 11, 212,  5
 1000, 5, 80, 10, 10, 0.02, 0.93, 0.1, 0.97, 5, 1000, 4, 0, 100, 896, 4, 161,  6
 1000, 5, 80, 10, 10, 0.02, 0.93, 0.1, 0.97, 5, 1000, 1, 0, 100, 899, 1, 17,  7
 1000, 5, 80, 10, 10, 0.02, 0.93, 0.1, 0.97, 5, 1000, 35, 0, 103, 895, 2, 121,  8
 1000, 5, 80, 10, 10, 0.02, 0.93, 0.1, 0.97, 5, 1000, 148, 0, 102, 889, 9, 248,  9
 1000, 5, 80, 10, 10, 0.02, 0.93, 0.1, 0.97, 5, 1000, 17, 0, 99, 889, 12, 188,  10
 1000, 5, 80, 10, 10, 0.02, 0.93, 0.2, 0.97, 5, 1000, 3, 0, 198, 799, 3, 38,  1
 1000, 5, 80, 10, 10, 0.02, 0.93, 0.2, 0.97, 5, 1000, 1, 0, 200, 799, 1, 20,  2
 1000, 5, 80, 10, 10, 0.02, 0.93, 0.2, 0.97, 5, 1000, 2, 0, 200, 798, 2, 33,  3
 1000, 5, 80, 10, 10, 0.02, 0.93, 0.2, 0.97, 5, 1000, 28, 0, 201, 796, 3, 117,  4
 1000, 5, 80, 10, 10, 0.02, 0.93, 0.2, 0.97, 5, 1000, 84, 0, 196, 793, 11, 212,  5
 1000, 5, 80, 10, 10, 0.02, 0.93, 0.2, 0.97, 5, 1000, 4, 0, 200, 796, 4, 161,  6
 1000, 5, 80, 10, 10, 0.02, 0.93, 0.2, 0.97, 5, 1000, 1, 0, 200, 799, 1, 17,  7
 1000, 5, 80, 10, 10, 0.02, 0.93, 0.2, 0.97, 5, 1000, 35, 0, 203, 795, 2, 121,  8
 1000, 5, 80, 10, 10, 0.02, 0.93, 0.2, 0.97, 5, 1000, 148, 0, 201, 790, 9, 248,  9
 1000, 5, 80, 10, 10, 0.02, 0.93, 0.2, 0.97, 5, 1000, 17, 0, 197, 791, 12, 188,  10
 1000, 5, 80, 10, 10, 0.02, 0.93, 0.3, 0.97, 5, 1000, 3, 0, 298, 699, 3, 38,  1
 1000, 5, 80, 10, 10, 0.02, 0.93, 0.3, 0.97, 5, 1000, 1, 0, 299, 700, 1, 20,  2
 1000, 5, 80, 10, 10, 0.02, 0.93, 0.3, 0.97, 5, 1000, 2, 0, 298, 700, 2, 33,  3
 1000, 5, 80, 10, 10, 0.02, 0.93, 0.3, 0.97, 5, 1000, 28, 0, 299, 698, 3, 117,  4
 1000, 5, 80, 10, 10, 0.02, 0.93, 0.3, 0.97, 5, 1000, 84, 0, 295, 694, 11, 212,  5
 1000, 5, 80, 10, 10, 0.02, 0.93, 0.3, 0.97, 5, 1000, 4, 0, 299, 697, 4, 161,  6
 1000, 5, 80, 10, 10, 0.02, 0.93, 0.3, 0.97, 5, 1000, 1, 0, 300, 699, 1, 17,  7
 1000, 5, 80, 10, 10, 0.02, 0.93, 0.3, 0.97, 5, 1000, 35, 0, 299, 699, 2, 121,  8
 1000, 5, 80, 10, 10, 0.02, 0.93, 0.3, 0.97, 5, 1000, 148, 0, 300, 691, 9, 248,  9
 1000, 5, 80, 10, 10, 0.02, 0.93, 0.3, 0.97, 5, 1000, 17, 0, 297, 691, 12, 188,  10
 1000, 5, 80, 10, 10, 0.02, 0.93, 0.4, 0.97, 5, 1000, 3, 0, 397, 600, 3, 38,  1
 1000, 5, 80, 10, 10, 0.02, 0.93, 0.4, 0.97, 5, 1000, 1, 0, 399, 600, 1, 20,  2
 1000, 5, 80, 10, 10, 0.02, 0.93, 0.4, 0.97, 5, 1000, 2, 0, 397, 601, 2, 33,  3
 1000, 5, 80, 10, 10, 0.02, 0.93, 0.4, 0.97, 5, 1000, 28, 0, 399, 598, 3, 117,  4
 1000, 5, 80, 10, 10, 0.02, 0.93, 0.4, 0.97, 5, 1000, 84, 0, 393, 596, 11, 212,  5
 1000, 5, 80, 10, 10, 0.02, 0.93, 0.4, 0.97, 5, 1000, 4, 0, 399, 597, 4, 161,  6
 1000, 5, 80, 10, 10, 0.02, 0.93, 0.4, 0.97, 5, 1000, 1, 0, 399, 600, 1, 17,  7
 1000, 5, 80, 10, 10, 0.02, 0.93, 0.4, 0.97, 5, 1000, 35, 0, 399, 599, 2, 121,  8
 1000, 5, 80, 10, 10, 0.02, 0.93, 0.4, 0.97, 5, 1000, 148, 0, 397, 594, 9, 248,  9
 1000, 5, 80, 10, 10, 0.02, 0.93, 0.4, 0.97, 5, 1000, 17, 0, 396, 592, 12, 188,  10
 1000, 5, 80, 10, 10, 0.02, 0.93, 0.5, 0.97, 5, 1000, 3, 0, 497, 500, 3, 38,  1
 1000, 5, 80, 10, 10, 0.02, 0.93, 0.5, 0.97, 5, 1000, 1, 0, 499, 500, 1, 20,  2
 1000, 5, 80, 10, 10, 0.02, 0.93, 0.5, 0.97, 5, 1000, 2, 0, 497, 501, 2, 33,  3
 1000, 5, 80, 10, 10, 0.02, 0.93, 0.5, 0.97, 5, 1000, 28, 0, 498, 499, 3, 117,  4
 1000, 5, 80, 10, 10, 0.02, 0.93, 0.5, 0.97, 5, 1000, 84, 0, 493, 496, 11, 212,  5
 1000, 5, 80, 10, 10, 0.02, 0.93, 0.5, 0.97, 5, 1000, 4, 0, 499, 497, 4, 161,  6
 1000, 5, 80, 10, 10, 0.02, 0.93, 0.5, 0.97, 5, 1000, 1, 0, 499, 500, 1, 17,  7
 1000, 5, 80, 10, 10, 0.02, 0.93, 0.5, 0.97, 5, 1000, 35, 0, 499, 499, 2, 121,  8
 1000, 5, 80, 10, 10, 0.02, 0.93, 0.5, 0.97, 5, 1000, 148, 0, 495, 496, 9, 248,  9
 1000, 5, 80, 10, 10, 0.02, 0.93, 0.5, 0.97, 5, 1000, 17, 0, 492, 496, 12, 188,  10
 1000, 5, 80, 10, 10, 0.02, 0.93, 0.6, 0.97, 5, 1000, 3, 0, 597, 400, 3, 38,  1
 1000, 5, 80, 10, 10, 0.02, 0.93, 0.6, 0.97, 5, 1000, 1, 0, 599, 400, 1, 20,  2
 1000, 5, 80, 10, 10, 0.02, 0.93, 0.6, 0.97, 5, 1000, 2, 0, 597, 401, 2, 33,  3
 1000, 5, 80, 10, 10, 0.02, 0.93, 0.6, 0.97, 5, 1000, 28, 0, 598, 399, 3, 117,  4
 1000, 5, 80, 10, 10, 0.02, 0.93, 0.6, 0.97, 5, 1000, 84, 0, 593, 396, 11, 212,  5
 1000, 5, 80, 10, 10, 0.02, 0.93, 0.6, 0.97, 5, 1000, 4, 0, 597, 399, 4, 161,  6
 1000, 5, 80, 10, 10, 0.02, 0.93, 0.6, 0.97, 5, 1000, 1, 0, 599, 400, 1, 17,  7
 1000, 5, 80, 10, 10, 0.02, 0.93, 0.6, 0.97, 5, 1000, 35, 0, 598, 400, 2, 121,  8
 1000, 5, 80, 10, 10, 0.02, 0.93, 0.6, 0.97, 5, 1000, 148, 0, 594, 397, 9, 248,  9
 1000, 5, 80, 10, 10, 0.02, 0.93, 0.6, 0.97, 5, 1000, 17, 0, 589, 399, 12, 188,  10
 1000, 5, 80, 10, 10, 0.02, 0.93, 0.7, 0.97, 5, 1000, 3, 0, 697, 300, 3, 38,  1
 1000, 5, 80, 10, 10, 0.02, 0.93, 0.7, 0.97, 5, 1000, 1, 0, 699, 300, 1, 20,  2
 1000, 5, 80, 10, 10, 0.02, 0.93, 0.7, 0.97, 5, 1000, 2, 0, 697, 301, 2, 33,  3
 1000, 5, 80, 10, 10, 0.02, 0.93, 0.7, 0.97, 5, 1000, 28, 0, 698, 299, 3, 117,  4
 1000, 5, 80, 10, 10, 0.02, 0.93, 0.7, 0.97, 5, 1000, 84, 0, 692, 297, 11, 212,  5
 1000, 5, 80, 10, 10, 0.02, 0.93, 0.7, 0.97, 5, 1000, 4, 0, 697, 299, 4, 161,  6
 1000, 5, 80, 10, 10, 0.02, 0.93, 0.7, 0.97, 5, 1000, 1, 0, 699, 300, 1, 17,  7
 1000, 5, 80, 10, 10, 0.02, 0.93, 0.7, 0.97, 5, 1000, 35, 0, 698, 300, 2, 121,  8
 1000, 5, 80, 10, 10, 0.02, 0.93, 0.7, 0.97, 5, 1000, 148, 0, 693, 298, 9, 248,  9
 1000, 5, 80, 10, 10, 0.02, 0.93, 0.7, 0.97, 5, 1000, 17, 0, 689, 299, 12, 188,  10
 1000, 5, 80, 10, 10, 0.02, 0.93, 0.8, 0.97, 5, 1000, 3, 0, 796, 201, 3, 38,  1
 1000, 5, 80, 10, 10, 0.02, 0.93, 0.8, 0.97, 5, 1000, 1, 0, 799, 200, 1, 20,  2
 1000, 5, 80, 10, 10, 0.02, 0.93, 0.8, 0.97, 5, 1000, 2, 0, 797, 201, 2, 33,  3
 1000, 5, 80, 10, 10, 0.02, 0.93, 0.8, 0.97, 5, 1000, 28, 0, 798, 199, 3, 117,  4
 1000, 5, 80, 10, 10, 0.02, 0.93, 0.8, 0.97, 5, 1000, 84, 0, 791, 198, 11, 212,  5
 1000, 5, 80, 10, 10, 0.02, 0.93, 0.8, 0.97, 5, 1000, 4, 0, 797, 199, 4, 161,  6
 1000, 5, 80, 10, 10, 0.02, 0.93, 0.8, 0.97, 5, 1000, 1, 0, 799, 200, 1, 17,  7
 1000, 5, 80, 10, 10, 0.02, 0.93, 0.8, 0.97, 5, 1000, 35, 0, 798, 200, 2, 121,  8
 1000, 5, 80, 10, 10, 0.02, 0.93, 0.8, 0.97, 5, 1000, 148, 0, 792, 199, 9, 248,  9
 1000, 5, 80, 10, 10, 0.02, 0.93, 0.8, 0.97, 5, 1000, 17, 0, 788, 200, 12, 188,  10
 1000, 5, 80, 10, 10, 0.02, 0.93, 0.9, 0.97, 5, 1000, 3, 0, 896, 101, 3, 38,  1
 1000, 5, 80, 10, 10, 0.02, 0.93, 0.9, 0.97, 5, 1000, 1, 0, 899, 100, 1, 20,  2
 1000, 5, 80, 10, 10, 0.02, 0.93, 0.9, 0.97, 5, 1000, 2, 0, 897, 101, 2, 33,  3
 1000, 5, 80, 10, 10, 0.02, 0.93, 0.9, 0.97, 5, 1000, 28, 0, 898, 99, 3, 117,  4
 1000, 5, 80, 10, 10, 0.02, 0.93, 0.9, 0.97, 5, 1000, 84, 0, 890, 99, 11, 212,  5
 1000, 5, 80, 10, 10, 0.02, 0.93, 0.9, 0.97, 5, 1000, 4, 0, 896, 100, 4, 161,  6
 1000, 5, 80, 10, 10, 0.02, 0.93, 0.9, 0.97, 5, 1000, 1, 0, 898, 101, 1, 17,  7
 1000, 5, 80, 10, 10, 0.02, 0.93, 0.9, 0.97, 5, 1000, 35, 0, 897, 101, 2, 121,  8
 1000, 5, 80, 10, 10, 0.02, 0.93, 0.9, 0.97, 5, 1000, 148, 0, 891, 100, 9, 248,  9
 1000, 5, 80, 10, 10, 0.02, 0.93, 0.9, 0.97, 5, 1000, 17, 0, 888, 100, 12, 188,  10
 1000, 5, 80, 10, 10, 0.02, 0.93, 1, 0.97, 5, 1000, 3, 0, 996, 1, 3, 38,  1
 1000, 5, 80, 10, 10, 0.02, 0.93, 1, 0.97, 5, 1000, 1, 0, 998, 1, 1, 20,  2
 1000, 5, 80, 10, 10, 0.02, 0.93, 1, 0.97, 5, 1000, 2, 0, 997, 1, 2, 33,  3
 1000, 5, 80, 10, 10, 0.02, 0.93, 1, 0.97, 5, 1000, 28, 0, 996, 1, 3, 117,  4
 1000, 5, 80, 10, 10, 0.02, 0.93, 1, 0.97, 5, 1000, 84, 0, 988, 1, 11, 212,  5
 1000, 5, 80, 10, 10, 0.02, 0.93, 1, 0.97, 5, 1000, 4, 0, 995, 1, 4, 161,  6
 1000, 5, 80, 10, 10, 0.02, 0.93, 1, 0.97, 5, 1000, 1, 0, 998, 1, 1, 17,  7
 1000, 5, 80, 10, 10, 0.02, 0.93, 1, 0.97, 5, 1000, 35, 0, 997, 1, 2, 121,  8
 1000, 5, 80, 10, 10, 0.02, 0.93, 1, 0.97, 5, 1000, 148, 0, 990, 1, 9, 248,  9
 1000, 5, 80, 10, 10, 0.02, 0.93, 1, 0.97, 5, 1000, 17, 0, 987, 1, 12, 188,  10
 1000, 5, 80, 10, 10, 0.02, 0.93, 0.1, 0.97, 5, 1000, 3, 0, 99, 898, 3, 38,  1
 1000, 5, 80, 10, 10, 0.02, 0.93, 0.1, 0.97, 5, 1000, 1, 0, 100, 899, 1, 20,  2
 1000, 5, 80, 10, 10, 0.02, 0.93, 0.1, 0.97, 5, 1000, 2, 0, 100, 898, 2, 33,  3
 1000, 5, 80, 10, 10, 0.02, 0.93, 0.1, 0.97, 5, 1000, 28, 0, 102, 895, 3, 117,  4
 1000, 5, 80, 10, 10, 0.02, 0.93, 0.1, 0.97, 5, 1000, 84, 0, 98, 891, 11, 212,  5
 1000, 5, 80, 10, 10, 0.02, 0.93, 0.1, 0.97, 5, 1000, 4, 0, 100, 896, 4, 161,  6
 1000, 5, 80, 10, 10, 0.02, 0.93, 0.1, 0.97, 5, 1000, 1, 0, 100, 899, 1, 17,  7
 1000, 5, 80, 10, 10, 0.02, 0.93, 0.1, 0.97, 5, 1000, 120, 0, 103, 880, 17, 384,  8
 1000, 5, 80, 10, 10, 0.02, 0.93, 0.1, 0.97, 5, 1000, 148, 0, 102, 889, 9, 248,  9
 1000, 5, 80, 10, 10, 0.02, 0.93, 0.1, 0.97, 5, 1000, 17, 0, 99, 889, 12, 188,  10
 1000, 5, 80, 10, 10, 0.02, 0.93, 0.2, 0.97, 5, 1000, 3, 0, 198, 799, 3, 38,  1
 1000, 5, 80, 10, 10, 0.02, 0.93, 0.2, 0.97, 5, 1000, 1, 0, 200, 799, 1, 20,  2
 1000, 5, 80, 10, 10, 0.02, 0.93, 0.2, 0.97, 5, 1000, 2, 0, 200, 798, 2, 33,  3
 1000, 5, 80, 10, 10, 0.02, 0.93, 0.2, 0.97, 5, 1000, 28, 0, 201, 796, 3, 117,  4
 1000, 5, 80, 10, 10, 0.02, 0.93, 0.2, 0.97, 5, 1000, 84, 0, 196, 793, 11, 212,  5
 1000, 5, 80, 10, 10, 0.02, 0.93, 0.2, 0.97, 5, 1000, 4, 0, 200, 796, 4, 161,  6
 1000, 5, 80, 10, 10, 0.02, 0.93, 0.2, 0.97, 5, 1000, 1, 0, 200, 799, 1, 17,  7
 1000, 5, 80, 10, 10, 0.02, 0.93, 0.2, 0.97, 5, 1000, 120, 0, 201, 782, 17, 384,  8
 1000, 5, 80, 10, 10, 0.02, 0.93, 0.2, 0.97, 5, 1000, 148, 0, 201, 790, 9, 248,  9
 1000, 5, 80, 10, 10, 0.02, 0.93, 0.2, 0.97, 5, 1000, 17, 0, 197, 791, 12, 188,  10
 1000, 5, 80, 10, 10, 0.02, 0.93, 0.3, 0.97, 5, 1000, 3, 0, 298, 699, 3, 38,  1
 1000, 5, 80, 10, 10, 0.02, 0.93, 0.3, 0.97, 5, 1000, 1, 0, 299, 700, 1, 20,  2
 1000, 5, 80, 10, 10, 0.02, 0.93, 0.3, 0.97, 5, 1000, 2, 0, 298, 700, 2, 33,  3
 1000, 5, 80, 10, 10, 0.02, 0.93, 0.3, 0.97, 5, 1000, 28, 0, 299, 698, 3, 117,  4
 1000, 5, 80, 10, 10, 0.02, 0.93, 0.3, 0.97, 5, 1000, 84, 0, 295, 694, 11, 212,  5
 1000, 5, 80, 10, 10, 0.02, 0.93, 0.3, 0.97, 5, 1000, 4, 0, 299, 697, 4, 161,  6
 1000, 5, 80, 10, 10, 0.02, 0.93, 0.3, 0.97, 5, 1000, 1, 0, 300, 699, 1, 17,  7
 1000, 5, 80, 10, 10, 0.02, 0.93, 0.3, 0.97, 5, 1000, 120, 0, 294, 689, 17, 384,  8
 1000, 5, 80, 10, 10, 0.02, 0.93, 0.3, 0.97, 5, 1000, 148, 0, 300, 691, 9, 248,  9
 1000, 5, 80, 10, 10, 0.02, 0.93, 0.3, 0.97, 5, 1000, 17, 0, 297, 691, 12, 188,  10
 1000, 5, 80, 10, 10, 0.02, 0.93, 0.4, 0.97, 5, 1000, 3, 0, 397, 600, 3, 38,  1
 1000, 5, 80, 10, 10, 0.02, 0.93, 0.4, 0.97, 5, 1000, 1, 0, 399, 600, 1, 20,  2
 1000, 5, 80, 10, 10, 0.02, 0.93, 0.4, 0.97, 5, 1000, 2, 0, 397, 601, 2, 33,  3
 1000, 5, 80, 10, 10, 0.02, 0.93, 0.4, 0.97, 5, 1000, 28, 0, 399, 598, 3, 117,  4
 1000, 5, 80, 10, 10, 0.02, 0.93, 0.4, 0.97, 5, 1000, 84, 0, 393, 596, 11, 212,  5
 1000, 5, 80, 10, 10, 0.02, 0.93, 0.4, 0.97, 5, 1000, 4, 0, 399, 597, 4, 161,  6
 1000, 5, 80, 10, 10, 0.02, 0.93, 0.4, 0.97, 5, 1000, 1, 0, 399, 600, 1, 17,  7
 1000, 5, 80, 10, 10, 0.02, 0.93, 0.4, 0.97, 5, 1000, 120, 0, 393, 590, 17, 384,  8
 1000, 5, 80, 10, 10, 0.02, 0.93, 0.4, 0.97, 5, 1000, 148, 0, 397, 594, 9, 248,  9
 1000, 5, 80, 10, 10, 0.02, 0.93, 0.4, 0.97, 5, 1000, 17, 0, 396, 592, 12, 188,  10
 1000, 5, 80, 10, 10, 0.02, 0.93, 0.5, 0.97, 5, 1000, 3, 0, 497, 500, 3, 38,  1
 1000, 5, 80, 10, 10, 0.02, 0.93, 0.5, 0.97, 5, 1000, 1, 0, 499, 500, 1, 20,  2
 1000, 5, 80, 10, 10, 0.02, 0.93, 0.5, 0.97, 5, 1000, 2, 0, 497, 501, 2, 33,  3
 1000, 5, 80, 10, 10, 0.02, 0.93, 0.5, 0.97, 5, 1000, 28, 0, 498, 499, 3, 117,  4
 1000, 5, 80, 10, 10, 0.02, 0.93, 0.5, 0.97, 5, 1000, 84, 0, 493, 496, 11, 212,  5
 1000, 5, 80, 10, 10, 0.02, 0.93, 0.5, 0.97, 5, 1000, 4, 0, 499, 497, 4, 161,  6
 1000, 5, 80, 10, 10, 0.02, 0.93, 0.5, 0.97, 5, 1000, 1, 0, 499, 500, 1, 17,  7
 1000, 5, 80, 10, 10, 0.02, 0.93, 0.5, 0.97, 5, 1000, 120, 0, 492, 491, 17, 384,  8
 1000, 5, 80, 10, 10, 0.02, 0.93, 0.5, 0.97, 5, 1000, 148, 0, 495, 496, 9, 248,  9
 1000, 5, 80, 10, 10, 0.02, 0.93, 0.5, 0.97, 5, 1000, 17, 0, 492, 496, 12, 188,  10
 1000, 5, 80, 10, 10, 0.02, 0.93, 0.6, 0.97, 5, 1000, 3, 0, 597, 400, 3, 38,  1
 1000, 5, 80, 10, 10, 0.02, 0.93, 0.6, 0.97, 5, 1000, 1, 0, 599, 400, 1, 20,  2
 1000, 5, 80, 10, 10, 0.02, 0.93, 0.6, 0.97, 5, 1000, 2, 0, 597, 401, 2, 33,  3
 1000, 5, 80, 10, 10, 0.02, 0.93, 0.6, 0.97, 5, 1000, 28, 0, 598, 399, 3, 117,  4
 1000, 5, 80, 10, 10, 0.02, 0.93, 0.6, 0.97, 5, 1000, 84, 0, 593, 396, 11, 212,  5
 1000, 5, 80, 10, 10, 0.02, 0.93, 0.6, 0.97, 5, 1000, 4, 0, 597, 399, 4, 161,  6
 1000, 5, 80, 10, 10, 0.02, 0.93, 0.6, 0.97, 5, 1000, 1, 0, 599, 400, 1, 17,  7
 1000, 5, 80, 10, 10, 0.02, 0.93, 0.6, 0.97, 5, 1000, 120, 0, 589, 394, 17, 384,  8
 1000, 5, 80, 10, 10, 0.02, 0.93, 0.6, 0.97, 5, 1000, 148, 0, 594, 397, 9, 248,  9
 1000, 5, 80, 10, 10, 0.02, 0.93, 0.6, 0.97, 5, 1000, 17, 0, 589, 399, 12, 188,  10
 1000, 5, 80, 10, 10, 0.02, 0.93, 0.7, 0.97, 5, 1000, 3, 0, 697, 300, 3, 38,  1
 1000, 5, 80, 10, 10, 0.02, 0.93, 0.7, 0.97, 5, 1000, 1, 0, 699, 300, 1, 20,  2
 1000, 5, 80, 10, 10, 0.02, 0.93, 0.7, 0.97, 5, 1000, 2, 0, 697, 301, 2, 33,  3
 1000, 5, 80, 10, 10, 0.02, 0.93, 0.7, 0.97, 5, 1000, 28, 0, 698, 299, 3, 117,  4
 1000, 5, 80, 10, 10, 0.02, 0.93, 0.7, 0.97, 5, 1000, 84, 0, 692, 297, 11, 212,  5
 1000, 5, 80, 10, 10, 0.02, 0.93, 0.7, 0.97, 5, 1000, 4, 0, 697, 299, 4, 161,  6
 1000, 5, 80, 10, 10, 0.02, 0.93, 0.7, 0.97, 5, 1000, 1, 0, 699, 300, 1, 17,  7
 1000, 5, 80, 10, 10, 0.02, 0.93, 0.7, 0.97, 5, 1000, 120, 0, 687, 296, 17, 384,  8
 1000, 5, 80, 10, 10, 0.02, 0.93, 0.7, 0.97, 5, 1000, 148, 0, 693, 298, 9, 248,  9
 1000, 5, 80, 10, 10, 0.02, 0.93, 0.7, 0.97, 5, 1000, 17, 0, 689, 299, 12, 188,  10
 1000, 5, 80, 10, 10, 0.02, 0.93, 0.8, 0.97, 5, 1000, 3, 0, 796, 201, 3, 38,  1
 1000, 5, 80, 10, 10, 0.02, 0.93, 0.8, 0.97, 5, 1000, 1, 0, 799, 200, 1, 20,  2
 1000, 5, 80, 10, 10, 0.02, 0.93, 0.8, 0.97, 5, 1000, 2, 0, 797, 201, 2, 33,  3
 1000, 5, 80, 10, 10, 0.02, 0.93, 0.8, 0.97, 5, 1000, 28, 0, 798, 199, 3, 117,  4
 1000, 5, 80, 10, 10, 0.02, 0.93, 0.8, 0.97, 5, 1000, 84, 0, 791, 198, 11, 212,  5
 1000, 5, 80, 10, 10, 0.02, 0.93, 0.8, 0.97, 5, 1000, 4, 0, 797, 199, 4, 161,  6
 1000, 5, 80, 10, 10, 0.02, 0.93, 0.8, 0.97, 5, 1000, 1, 0, 799, 200, 1, 17,  7
 1000, 5, 80, 10, 10, 0.02, 0.93, 0.8, 0.97, 5, 1000, 120, 0, 786, 197, 17, 384,  8
 1000, 5, 80, 10, 10, 0.02, 0.93, 0.8, 0.97, 5, 1000, 148, 0, 792, 199, 9, 248,  9
 1000, 5, 80, 10, 10, 0.02, 0.93, 0.8, 0.97, 5, 1000, 17, 0, 788, 200, 12, 188,  10
 1000, 5, 80, 10, 10, 0.02, 0.93, 0.9, 0.97, 5, 1000, 3, 0, 896, 101, 3, 38,  1
 1000, 5, 80, 10, 10, 0.02, 0.93, 0.9, 0.97, 5, 1000, 1, 0, 899, 100, 1, 20,  2
 1000, 5, 80, 10, 10, 0.02, 0.93, 0.9, 0.97, 5, 1000, 2, 0, 897, 101, 2, 33,  3
 1000, 5, 80, 10, 10, 0.02, 0.93, 0.9, 0.97, 5, 1000, 28, 0, 898, 99, 3, 117,  4
 1000, 5, 80, 10, 10, 0.02, 0.93, 0.9, 0.97, 5, 1000, 84, 0, 890, 99, 11, 212,  5
 1000, 5, 80, 10, 10, 0.02, 0.93, 0.9, 0.97, 5, 1000, 4, 0, 896, 100, 4, 161,  6
 1000, 5, 80, 10, 10, 0.02, 0.93, 0.9, 0.97, 5, 1000, 1, 0, 898, 101, 1, 17,  7
 1000, 5, 80, 10, 10, 0.02, 0.93, 0.9, 0.97, 5, 1000, 120, 0, 883, 100, 17, 384,  8
 1000, 5, 80, 10, 10, 0.02, 0.93, 0.9, 0.97, 5, 1000, 148, 0, 891, 100, 9, 248,  9
 1000, 5, 80, 10, 10, 0.02, 0.93, 0.9, 0.97, 5, 1000, 17, 0, 888, 100, 12, 188,  10
 1000, 5, 80, 10, 10, 0.02, 0.93, 1, 0.97, 5, 1000, 3, 0, 996, 1, 3, 38,  1
 1000, 5, 80, 10, 10, 0.02, 0.93, 1, 0.97, 5, 1000, 1, 0, 998, 1, 1, 20,  2
 1000, 5, 80, 10, 10, 0.02, 0.93, 1, 0.97, 5, 1000, 2, 0, 997, 1, 2, 33,  3
 1000, 5, 80, 10, 10, 0.02, 0.93, 1, 0.97, 5, 1000, 28, 0, 996, 1, 3, 117,  4
 1000, 5, 80, 10, 10, 0.02, 0.93, 1, 0.97, 5, 1000, 84, 0, 988, 1, 11, 212,  5
 1000, 5, 80, 10, 10, 0.02, 0.93, 1, 0.97, 5, 1000, 4, 0, 995, 1, 4, 161,  6
 1000, 5, 80, 10, 10, 0.02, 0.93, 1, 0.97, 5, 1000, 1, 0, 998, 1, 1, 17,  7
 1000, 5, 80, 10, 10, 0.02, 0.93, 1, 0.97, 5, 1000, 120, 0, 982, 1, 17, 384,  8
 1000, 5, 80, 10, 10, 0.02, 0.93, 1, 0.97, 5, 1000, 148, 0, 990, 1, 9, 248,  9
 1000, 5, 80, 10, 10, 0.02, 0.93, 1, 0.97, 5, 1000, 17, 0, 987, 1, 12, 188,  10
 1000, 5, 80, 10, 10, 0.02, 0.93, 0.1, 0.97, 5, 1000, 3, 0, 99, 898, 3, 38,  1
 1000, 5, 80, 10, 10, 0.02, 0.93, 0.1, 0.97, 5, 1000, 1, 0, 100, 899, 1, 20,  2
 1000, 5, 80, 10, 10, 0.02, 0.93, 0.1, 0.97, 5, 1000, 2, 0, 100, 898, 2, 33,  3
 1000, 5, 80, 10, 10, 0.02, 0.93, 0.1, 0.97, 5, 1000, 28, 0, 102, 895, 3, 117,  4
 1000, 5, 80, 10, 10, 0.02, 0.93, 0.1, 0.97, 5, 1000, 85, 0, 98, 890, 12, 211,  5
 1000, 5, 80, 10, 10, 0.02, 0.93, 0.1, 0.97, 5, 1000, 4, 0, 100, 896, 4, 161,  6
 1000, 5, 80, 10, 10, 0.02, 0.93, 0.1, 0.97, 5, 1000, 1, 0, 100, 899, 1, 17,  7
 1000, 5, 80, 10, 10, 0.02, 0.93, 0.1, 0.97, 5, 1000, 120, 0, 103, 880, 17, 384,  8
 1000, 5, 80, 10, 10, 0.02, 0.93, 0.1, 0.97, 5, 1000, 98, 0, 101, 889, 10, 172,  9
 1000, 5, 80, 10, 10, 0.02, 0.93, 0.1, 0.97, 5, 1000, 42, 0, 100, 884, 16, 235,  10
 1000, 5, 80, 10, 10, 0.02, 0.93, 0.2, 0.97, 5, 1000, 3, 0, 198, 799, 3, 38,  1
 1000, 5, 80, 10, 10, 0.02, 0.93, 0.2, 0.97, 5, 1000, 1, 0, 200, 799, 1, 20,  2
 1000, 5, 80, 10, 10, 0.02, 0.93, 0.2, 0.97, 5, 1000, 2, 0, 200, 798, 2, 33,  3
 1000, 5, 80, 10, 10, 0.02, 0.93, 0.2, 0.97, 5, 1000, 28, 0, 201, 796, 3, 117,  4
 1000, 5, 80, 10, 10, 0.02, 0.93, 0.2, 0.97, 5, 1000, 85, 0, 196, 792, 12, 211,  5
 1000, 5, 80, 10, 10, 0.02, 0.93, 0.2, 0.97, 5, 1000, 4, 0, 200, 796, 4, 161,  6
 1000, 5, 80, 10, 10, 0.02, 0.93, 0.2, 0.97, 5, 1000, 1, 0, 200, 799, 1, 17,  7
 1000, 5, 80, 10, 10, 0.02, 0.93, 0.2, 0.97, 5, 1000, 120, 0, 201, 782, 17, 384,  8
 1000, 5, 80, 10, 10, 0.02, 0.93, 0.2, 0.97, 5, 1000, 98, 0, 200, 790, 10, 172,  9
 1000, 5, 80, 10, 10, 0.02, 0.93, 0.2, 0.97, 5, 1000, 42, 0, 198, 786, 16, 235,  10
 1000, 5, 80, 10, 10, 0.02, 0.93, 0.3, 0.97, 5, 1000, 3, 0, 298, 699, 3, 38,  1
 1000, 5, 80, 10, 10, 0.02, 0.93, 0.3, 0.97, 5, 1000, 1, 0, 299, 700, 1, 20,  2
 1000, 5, 80, 10, 10, 0.02, 0.93, 0.3, 0.97, 5, 1000, 2, 0, 298, 700, 2, 33,  3
 1000, 5, 80, 10, 10, 0.02, 0.93, 0.3, 0.97, 5, 1000, 28, 0, 299, 698, 3, 117,  4
 1000, 5, 80, 10, 10, 0.02, 0.93, 0.3, 0.97, 5, 1000, 85, 0, 295, 693, 12, 211,  5
 1000, 5, 80, 10, 10, 0.02, 0.93, 0.3, 0.97, 5, 1000, 4, 0, 299, 697, 4, 161,  6
 1000, 5, 80, 10, 10, 0.02, 0.93, 0.3, 0.97, 5, 1000, 1, 0, 300, 699, 1, 17,  7
 1000, 5, 80, 10, 10, 0.02, 0.93, 0.3, 0.97, 5, 1000, 120, 0, 294, 689, 17, 384,  8
 1000, 5, 80, 10, 10, 0.02, 0.93, 0.3, 0.97, 5, 1000, 98, 0, 299, 691, 10, 172,  9
 1000, 5, 80, 10, 10, 0.02, 0.93, 0.3, 0.97, 5, 1000, 42, 0, 298, 686, 16, 235,  10
 1000, 5, 80, 10, 10, 0.02, 0.93, 0.4, 0.97, 5, 1000, 3, 0, 397, 600, 3, 38,  1
 1000, 5, 80, 10, 10, 0.02, 0.93, 0.4, 0.97, 5, 1000, 1, 0, 399, 600, 1, 20,  2
 1000, 5, 80, 10, 10, 0.02, 0.93, 0.4, 0.97, 5, 1000, 2, 0, 397, 601, 2, 33,  3
 1000, 5, 80, 10, 10, 0.02, 0.93, 0.4, 0.97, 5, 1000, 28, 0, 399, 598, 3, 117,  4
 1000, 5, 80, 10, 10, 0.02, 0.93, 0.4, 0.97, 5, 1000, 85, 0, 393, 595, 12, 211,  5
 1000, 5, 80, 10, 10, 0.02, 0.93, 0.4, 0.97, 5, 1000, 4, 0, 399, 597, 4, 161,  6
 1000, 5, 80, 10, 10, 0.02, 0.93, 0.4, 0.97, 5, 1000, 1, 0, 399, 600, 1, 17,  7
 1000, 5, 80, 10, 10, 0.02, 0.93, 0.4, 0.97, 5, 1000, 120, 0, 393, 590, 17, 384,  8
 1000, 5, 80, 10, 10, 0.02, 0.93, 0.4, 0.97, 5, 1000, 98, 0, 396, 594, 10, 172,  9
 1000, 5, 80, 10, 10, 0.02, 0.93, 0.4, 0.97, 5, 1000, 42, 0, 397, 587, 16, 235,  10
 1000, 5, 80, 10, 10, 0.02, 0.93, 0.5, 0.97, 5, 1000, 3, 0, 497, 500, 3, 38,  1
 1000, 5, 80, 10, 10, 0.02, 0.93, 0.5, 0.97, 5, 1000, 1, 0, 499, 500, 1, 20,  2
 1000, 5, 80, 10, 10, 0.02, 0.93, 0.5, 0.97, 5, 1000, 2, 0, 497, 501, 2, 33,  3
 1000, 5, 80, 10, 10, 0.02, 0.93, 0.5, 0.97, 5, 1000, 28, 0, 498, 499, 3, 117,  4
 1000, 5, 80, 10, 10, 0.02, 0.93, 0.5, 0.97, 5, 1000, 85, 0, 493, 495, 12, 211,  5
 1000, 5, 80, 10, 10, 0.02, 0.93, 0.5, 0.97, 5, 1000, 4, 0, 499, 497, 4, 161,  6
 1000, 5, 80, 10, 10, 0.02, 0.93, 0.5, 0.97, 5, 1000, 1, 0, 499, 500, 1, 17,  7
 1000, 5, 80, 10, 10, 0.02, 0.93, 0.5, 0.97, 5, 1000, 120, 0, 492, 491, 17, 384,  8
 1000, 5, 80, 10, 10, 0.02, 0.93, 0.5, 0.97, 5, 1000, 98, 0, 494, 496, 10, 172,  9
 1000, 5, 80, 10, 10, 0.02, 0.93, 0.5, 0.97, 5, 1000, 42, 0, 492, 492, 16, 235,  10
 1000, 5, 80, 10, 10, 0.02, 0.93, 0.6, 0.97, 5, 1000, 3, 0, 597, 400, 3, 38,  1
 1000, 5, 80, 10, 10, 0.02, 0.93, 0.6, 0.97, 5, 1000, 1, 0, 599, 400, 1, 20,  2
 1000, 5, 80, 10, 10, 0.02, 0.93, 0.6, 0.97, 5, 1000, 2, 0, 597, 401, 2, 33,  3
 1000, 5, 80, 10, 10, 0.02, 0.93, 0.6, 0.97, 5, 1000, 28, 0, 598, 399, 3, 117,  4
 1000, 5, 80, 10, 10, 0.02, 0.93, 0.6, 0.97, 5, 1000, 85, 0, 593, 395, 12, 211,  5
 1000, 5, 80, 10, 10, 0.02, 0.93, 0.6, 0.97, 5, 1000, 4, 0, 597, 399, 4, 161,  6
 1000, 5, 80, 10, 10, 0.02, 0.93, 0.6, 0.97, 5, 1000, 1, 0, 599, 400, 1, 17,  7
 1000, 5, 80, 10, 10, 0.02, 0.93, 0.6, 0.97, 5, 1000, 120, 0, 589, 394, 17, 384,  8
 1000, 5, 80, 10, 10, 0.02, 0.93, 0.6, 0.97, 5, 1000, 98, 0, 593, 397, 10, 172,  9
 1000, 5, 80, 10, 10, 0.02, 0.93, 0.6, 0.97, 5, 1000, 42, 0, 587, 397, 16, 235,  10
 1000, 5, 80, 10, 10, 0.02, 0.93, 0.7, 0.97, 5, 1000, 3, 0, 697, 300, 3, 38,  1
 1000, 5, 80, 10, 10, 0.02, 0.93, 0.7, 0.97, 5, 1000, 1, 0, 699, 300, 1, 20,  2
 1000, 5, 80, 10, 10, 0.02, 0.93, 0.7, 0.97, 5, 1000, 2, 0, 697, 301, 2, 33,  3
 1000, 5, 80, 10, 10, 0.02, 0.93, 0.7, 0.97, 5, 1000, 28, 0, 698, 299, 3, 117,  4
 1000, 5, 80, 10, 10, 0.02, 0.93, 0.7, 0.97, 5, 1000, 85, 0, 692, 296, 12, 211,  5
 1000, 5, 80, 10, 10, 0.02, 0.93, 0.7, 0.97, 5, 1000, 4, 0, 697, 299, 4, 161,  6
 1000, 5, 80, 10, 10, 0.02, 0.93, 0.7, 0.97, 5, 1000, 1, 0, 699, 300, 1, 17,  7
 1000, 5, 80, 10, 10, 0.02, 0.93, 0.7, 0.97, 5, 1000, 120, 0, 687, 296, 17, 384,  8
 1000, 5, 80, 10, 10, 0.02, 0.93, 0.7, 0.97, 5, 1000, 98, 0, 692, 298, 10, 172,  9
 1000, 5, 80, 10, 10, 0.02, 0.93, 0.7, 0.97, 5, 1000, 42, 0, 687, 297, 16, 235,  10
 1000, 5, 80, 10, 10, 0.02, 0.93, 0.8, 0.97, 5, 1000, 3, 0, 796, 201, 3, 38,  1
 1000, 5, 80, 10, 10, 0.02, 0.93, 0.8, 0.97, 5, 1000, 1, 0, 799, 200, 1, 20,  2
 1000, 5, 80, 10, 10, 0.02, 0.93, 0.8, 0.97, 5, 1000, 2, 0, 797, 201, 2, 33,  3
 1000, 5, 80, 10, 10, 0.02, 0.93, 0.8, 0.97, 5, 1000, 28, 0, 798, 199, 3, 117,  4
 1000, 5, 80, 10, 10, 0.02, 0.93, 0.8, 0.97, 5, 1000, 85, 0, 791, 197, 12, 211,  5
 1000, 5, 80, 10, 10, 0.02, 0.93, 0.8, 0.97, 5, 1000, 4, 0, 797, 199, 4, 161,  6
 1000, 5, 80, 10, 10, 0.02, 0.93, 0.8, 0.97, 5, 1000, 1, 0, 799, 200, 1, 17,  7
 1000, 5, 80, 10, 10, 0.02, 0.93, 0.8, 0.97, 5, 1000, 120, 0, 786, 197, 17, 384,  8
 1000, 5, 80, 10, 10, 0.02, 0.93, 0.8, 0.97, 5, 1000, 98, 0, 791, 199, 10, 172,  9
 1000, 5, 80, 10, 10, 0.02, 0.93, 0.8, 0.97, 5, 1000, 42, 0, 786, 198, 16, 235,  10
 1000, 5, 80, 10, 10, 0.02, 0.93, 0.9, 0.97, 5, 1000, 3, 0, 896, 101, 3, 38,  1
 1000, 5, 80, 10, 10, 0.02, 0.93, 0.9, 0.97, 5, 1000, 1, 0, 899, 100, 1, 20,  2
 1000, 5, 80, 10, 10, 0.02, 0.93, 0.9, 0.97, 5, 1000, 2, 0, 897, 101, 2, 33,  3
 1000, 5, 80, 10, 10, 0.02, 0.93, 0.9, 0.97, 5, 1000, 28, 0, 898, 99, 3, 117,  4
 1000, 5, 80, 10, 10, 0.02, 0.93, 0.9, 0.97, 5, 1000, 85, 0, 889, 99, 12, 211,  5
 1000, 5, 80, 10, 10, 0.02, 0.93, 0.9, 0.97, 5, 1000, 4, 0, 896, 100, 4, 161,  6
 1000, 5, 80, 10, 10, 0.02, 0.93, 0.9, 0.97, 5, 1000, 1, 0, 898, 101, 1, 17,  7
 1000, 5, 80, 10, 10, 0.02, 0.93, 0.9, 0.97, 5, 1000, 120, 0, 883, 100, 17, 384,  8
 1000, 5, 80, 10, 10, 0.02, 0.93, 0.9, 0.97, 5, 1000, 98, 0, 890, 100, 10, 172,  9
 1000, 5, 80, 10, 10, 0.02, 0.93, 0.9, 0.97, 5, 1000, 42, 0, 886, 98, 16, 235,  10
 1000, 5, 80, 10, 10, 0.02, 0.93, 1, 0.97, 5, 1000, 3, 0, 996, 1, 3, 38,  1
 1000, 5, 80, 10, 10, 0.02, 0.93, 1, 0.97, 5, 1000, 1, 0, 998, 1, 1, 20,  2
 1000, 5, 80, 10, 10, 0.02, 0.93, 1, 0.97, 5, 1000, 2, 0, 997, 1, 2, 33,  3
 1000, 5, 80, 10, 10, 0.02, 0.93, 1, 0.97, 5, 1000, 28, 0, 996, 1, 3, 117,  4
 1000, 5, 80, 10, 10, 0.02, 0.93, 1, 0.97, 5, 1000, 85, 0, 987, 1, 12, 211,  5
 1000, 5, 80, 10, 10, 0.02, 0.93, 1, 0.97, 5, 1000, 4, 0, 995, 1, 4, 161,  6
 1000, 5, 80, 10, 10, 0.02, 0.93, 1, 0.97, 5, 1000, 1, 0, 998, 1, 1, 17,  7
 1000, 5, 80, 10, 10, 0.02, 0.93, 1, 0.97, 5, 1000, 120, 0, 982, 1, 17, 384,  8
 1000, 5, 80, 10, 10, 0.02, 0.93, 1, 0.97, 5, 1000, 98, 0, 989, 1, 10, 172,  9
 1000, 5, 80, 10, 10, 0.02, 0.93, 1, 0.97, 5, 1000, 42, 0, 983, 1, 16, 235,  10
 1000, 5, 80, 10, 10, 0.02, 0.93, 0.1, 0.97, 5, 1000, 3, 0, 99, 898, 3, 38,  1
 1000, 5, 80, 10, 10, 0.02, 0.93, 0.1, 0.97, 5, 1000, 1, 0, 100, 899, 1, 20,  2
 1000, 5, 80, 10, 10, 0.02, 0.93, 0.1, 0.97, 5, 1000, 2, 0, 100, 898, 2, 33,  3
 1000, 5, 80, 10, 10, 0.02, 0.93, 0.1, 0.97, 5, 1000, 28, 0, 102, 895, 3, 117,  4
 1000, 5, 80, 10, 10, 0.02, 0.93, 0.1, 0.97, 5, 1000, 644, 0, 99, 826, 75, 538,  5
 1000, 5, 80, 10, 10, 0.02, 0.93, 0.1, 0.97, 5, 1000, 4, 0, 100, 896, 4, 161,  6
 1000, 5, 80, 10, 10, 0.02, 0.93, 0.1, 0.97, 5, 1000, 1, 0, 100, 899, 1, 17,  7
 1000, 5, 80, 10, 10, 0.02, 0.93, 0.1, 0.97, 5, 1000, 120, 0, 103, 880, 17, 384,  8
 1000, 5, 80, 10, 10, 0.02, 0.93, 0.1, 0.97, 5, 1000, 98, 0, 101, 889, 10, 172,  9
 1000, 5, 80, 10, 10, 0.02, 0.93, 0.1, 0.97, 5, 1000, 12, 0, 101, 891, 8, 114,  10
 1000, 5, 80, 10, 10, 0.02, 0.93, 0.2, 0.97, 5, 1000, 3, 0, 198, 799, 3, 38,  1
 1000, 5, 80, 10, 10, 0.02, 0.93, 0.2, 0.97, 5, 1000, 1, 0, 200, 799, 1, 20,  2
 1000, 5, 80, 10, 10, 0.02, 0.93, 0.2, 0.97, 5, 1000, 2, 0, 200, 798, 2, 33,  3
 1000, 5, 80, 10, 10, 0.02, 0.93, 0.2, 0.97, 5, 1000, 28, 0, 201, 796, 3, 117,  4
 1000, 5, 80, 10, 10, 0.02, 0.93, 0.2, 0.97, 5, 1000, 644, 0, 188, 737, 75, 538,  5
 1000, 5, 80, 10, 10, 0.02, 0.93, 0.2, 0.97, 5, 1000, 4, 0, 200, 796, 4, 161,  6
 1000, 5, 80, 10, 10, 0.02, 0.93, 0.2, 0.97, 5, 1000, 1, 0, 200, 799, 1, 17,  7
 1000, 5, 80, 10, 10, 0.02, 0.93, 0.2, 0.97, 5, 1000, 120, 0, 201, 782, 17, 384,  8
 1000, 5, 80, 10, 10, 0.02, 0.93, 0.2, 0.97, 5, 1000, 98, 0, 200, 790, 10, 172,  9
 1000, 5, 80, 10, 10, 0.02, 0.93, 0.2, 0.97, 5, 1000, 12, 0, 199, 793, 8, 114,  10
 1000, 5, 80, 10, 10, 0.02, 0.93, 0.3, 0.97, 5, 1000, 3, 0, 298, 699, 3, 38,  1
 1000, 5, 80, 10, 10, 0.02, 0.93, 0.3, 0.97, 5, 1000, 1, 0, 299, 700, 1, 20,  2
 1000, 5, 80, 10, 10, 0.02, 0.93, 0.3, 0.97, 5, 1000, 2, 0, 298, 700, 2, 33,  3
 1000, 5, 80, 10, 10, 0.02, 0.93, 0.3, 0.97, 5, 1000, 28, 0, 299, 698, 3, 117,  4
 1000, 5, 80, 10, 10, 0.02, 0.93, 0.3, 0.97, 5, 1000, 644, 0, 280, 645, 75, 538,  5
 1000, 5, 80, 10, 10, 0.02, 0.93, 0.3, 0.97, 5, 1000, 4, 0, 299, 697, 4, 161,  6
 1000, 5, 80, 10, 10, 0.02, 0.93, 0.3, 0.97, 5, 1000, 1, 0, 300, 699, 1, 17,  7
 1000, 5, 80, 10, 10, 0.02, 0.93, 0.3, 0.97, 5, 1000, 120, 0, 294, 689, 17, 384,  8
 1000, 5, 80, 10, 10, 0.02, 0.93, 0.3, 0.97, 5, 1000, 98, 0, 299, 691, 10, 172,  9
 1000, 5, 80, 10, 10, 0.02, 0.93, 0.3, 0.97, 5, 1000, 12, 0, 299, 693, 8, 114,  10
 1000, 5, 80, 10, 10, 0.02, 0.93, 0.4, 0.97, 5, 1000, 3, 0, 397, 600, 3, 38,  1
 1000, 5, 80, 10, 10, 0.02, 0.93, 0.4, 0.97, 5, 1000, 1, 0, 399, 600, 1, 20,  2
 1000, 5, 80, 10, 10, 0.02, 0.93, 0.4, 0.97, 5, 1000, 2, 0, 397, 601, 2, 33,  3
 1000, 5, 80, 10, 10, 0.02, 0.93, 0.4, 0.97, 5, 1000, 28, 0, 399, 598, 3, 117,  4
 1000, 5, 80, 10, 10, 0.02, 0.93, 0.4, 0.97, 5, 1000, 644, 0, 374, 551, 75, 538,  5
 1000, 5, 80, 10, 10, 0.02, 0.93, 0.4, 0.97, 5, 1000, 4, 0, 399, 597, 4, 161,  6
 1000, 5, 80, 10, 10, 0.02, 0.93, 0.4, 0.97, 5, 1000, 1, 0, 399, 600, 1, 17,  7
 1000, 5, 80, 10, 10, 0.02, 0.93, 0.4, 0.97, 5, 1000, 120, 0, 393, 590, 17, 384,  8
 1000, 5, 80, 10, 10, 0.02, 0.93, 0.4, 0.97, 5, 1000, 98, 0, 396, 594, 10, 172,  9
 1000, 5, 80, 10, 10, 0.02, 0.93, 0.4, 0.97, 5, 1000, 12, 0, 398, 594, 8, 114,  10
 1000, 5, 80, 10, 10, 0.02, 0.93, 0.5, 0.97, 5, 1000, 3, 0, 497, 500, 3, 38,  1
 1000, 5, 80, 10, 10, 0.02, 0.93, 0.5, 0.97, 5, 1000, 1, 0, 499, 500, 1, 20,  2
 1000, 5, 80, 10, 10, 0.02, 0.93, 0.5, 0.97, 5, 1000, 2, 0, 497, 501, 2, 33,  3
 1000, 5, 80, 10, 10, 0.02, 0.93, 0.5, 0.97, 5, 1000, 28, 0, 498, 499, 3, 117,  4
 1000, 5, 80, 10, 10, 0.02, 0.93, 0.5, 0.97, 5, 1000, 644, 0, 465, 460, 75, 538,  5
 1000, 5, 80, 10, 10, 0.02, 0.93, 0.5, 0.97, 5, 1000, 4, 0, 499, 497, 4, 161,  6
 1000, 5, 80, 10, 10, 0.02, 0.93, 0.5, 0.97, 5, 1000, 1, 0, 499, 500, 1, 17,  7
 1000, 5, 80, 10, 10, 0.02, 0.93, 0.5, 0.97, 5, 1000, 120, 0, 492, 491, 17, 384,  8
 1000, 5, 80, 10, 10, 0.02, 0.93, 0.5, 0.97, 5, 1000, 98, 0, 494, 496, 10, 172,  9
 1000, 5, 80, 10, 10, 0.02, 0.93, 0.5, 0.97, 5, 1000, 12, 0, 495, 497, 8, 114,  10
 1000, 5, 80, 10, 10, 0.02, 0.93, 0.6, 0.97, 5, 1000, 3, 0, 597, 400, 3, 38,  1
 1000, 5, 80, 10, 10, 0.02, 0.93, 0.6, 0.97, 5, 1000, 1, 0, 599, 400, 1, 20,  2
 1000, 5, 80, 10, 10, 0.02, 0.93, 0.6, 0.97, 5, 1000, 2, 0, 597, 401, 2, 33,  3
 1000, 5, 80, 10, 10, 0.02, 0.93, 0.6, 0.97, 5, 1000, 28, 0, 598, 399, 3, 117,  4
 1000, 5, 80, 10, 10, 0.02, 0.93, 0.6, 0.97, 5, 1000, 644, 0, 559, 366, 75, 538,  5
 1000, 5, 80, 10, 10, 0.02, 0.93, 0.6, 0.97, 5, 1000, 4, 0, 597, 399, 4, 161,  6
 1000, 5, 80, 10, 10, 0.02, 0.93, 0.6, 0.97, 5, 1000, 1, 0, 599, 400, 1, 17,  7
 1000, 5, 80, 10, 10, 0.02, 0.93, 0.6, 0.97, 5, 1000, 120, 0, 589, 394, 17, 384,  8
 1000, 5, 80, 10, 10, 0.02, 0.93, 0.6, 0.97, 5, 1000, 98, 0, 593, 397, 10, 172,  9
 1000, 5, 80, 10, 10, 0.02, 0.93, 0.6, 0.97, 5, 1000, 12, 0, 593, 399, 8, 114,  10
 1000, 5, 80, 10, 10, 0.02, 0.93, 0.7, 0.97, 5, 1000, 3, 0, 697, 300, 3, 38,  1
 1000, 5, 80, 10, 10, 0.02, 0.93, 0.7, 0.97, 5, 1000, 1, 0, 699, 300, 1, 20,  2
 1000, 5, 80, 10, 10, 0.02, 0.93, 0.7, 0.97, 5, 1000, 2, 0, 697, 301, 2, 33,  3
 1000, 5, 80, 10, 10, 0.02, 0.93, 0.7, 0.97, 5, 1000, 28, 0, 698, 299, 3, 117,  4
 1000, 5, 80, 10, 10, 0.02, 0.93, 0.7, 0.97, 5, 1000, 644, 0, 650, 275, 75, 538,  5
 1000, 5, 80, 10, 10, 0.02, 0.93, 0.7, 0.97, 5, 1000, 4, 0, 697, 299, 4, 161,  6
 1000, 5, 80, 10, 10, 0.02, 0.93, 0.7, 0.97, 5, 1000, 1, 0, 699, 300, 1, 17,  7
 1000, 5, 80, 10, 10, 0.02, 0.93, 0.7, 0.97, 5, 1000, 120, 0, 687, 296, 17, 384,  8
 1000, 5, 80, 10, 10, 0.02, 0.93, 0.7, 0.97, 5, 1000, 98, 0, 692, 298, 10, 172,  9
 1000, 5, 80, 10, 10, 0.02, 0.93, 0.7, 0.97, 5, 1000, 12, 0, 693, 299, 8, 114,  10
 1000, 5, 80, 10, 10, 0.02, 0.93, 0.8, 0.97, 5, 1000, 3, 0, 796, 201, 3, 38,  1
 1000, 5, 80, 10, 10, 0.02, 0.93, 0.8, 0.97, 5, 1000, 1, 0, 799, 200, 1, 20,  2
 1000, 5, 80, 10, 10, 0.02, 0.93, 0.8, 0.97, 5, 1000, 2, 0, 797, 201, 2, 33,  3
 1000, 5, 80, 10, 10, 0.02, 0.93, 0.8, 0.97, 5, 1000, 28, 0, 798, 199, 3, 117,  4
 1000, 5, 80, 10, 10, 0.02, 0.93, 0.8, 0.97, 5, 1000, 644, 0, 742, 183, 75, 538,  5
 1000, 5, 80, 10, 10, 0.02, 0.93, 0.8, 0.97, 5, 1000, 4, 0, 797, 199, 4, 161,  6
 1000, 5, 80, 10, 10, 0.02, 0.93, 0.8, 0.97, 5, 1000, 1, 0, 799, 200, 1, 17,  7
 1000, 5, 80, 10, 10, 0.02, 0.93, 0.8, 0.97, 5, 1000, 120, 0, 786, 197, 17, 384,  8
 1000, 5, 80, 10, 10, 0.02, 0.93, 0.8, 0.97, 5, 1000, 98, 0, 791, 199, 10, 172,  9
 1000, 5, 80, 10, 10, 0.02, 0.93, 0.8, 0.97, 5, 1000, 12, 0, 792, 200, 8, 114,  10
 1000, 5, 80, 10, 10, 0.02, 0.93, 0.9, 0.97, 5, 1000, 3, 0, 896, 101, 3, 38,  1
 1000, 5, 80, 10, 10, 0.02, 0.93, 0.9, 0.97, 5, 1000, 1, 0, 899, 100, 1, 20,  2
 1000, 5, 80, 10, 10, 0.02, 0.93, 0.9, 0.97, 5, 1000, 2, 0, 897, 101, 2, 33,  3
 1000, 5, 80, 10, 10, 0.02, 0.93, 0.9, 0.97, 5, 1000, 28, 0, 898, 99, 3, 117,  4
 1000, 5, 80, 10, 10, 0.02, 0.93, 0.9, 0.97, 5, 1000, 644, 0, 833, 92, 75, 538,  5
 1000, 5, 80, 10, 10, 0.02, 0.93, 0.9, 0.97, 5, 1000, 4, 0, 896, 100, 4, 161,  6
 1000, 5, 80, 10, 10, 0.02, 0.93, 0.9, 0.97, 5, 1000, 1, 0, 898, 101, 1, 17,  7
 1000, 5, 80, 10, 10, 0.02, 0.93, 0.9, 0.97, 5, 1000, 120, 0, 883, 100, 17, 384,  8
 1000, 5, 80, 10, 10, 0.02, 0.93, 0.9, 0.97, 5, 1000, 98, 0, 890, 100, 10, 172,  9
 1000, 5, 80, 10, 10, 0.02, 0.93, 0.9, 0.97, 5, 1000, 12, 0, 892, 100, 8, 114,  10
 1000, 5, 80, 10, 10, 0.02, 0.93, 1, 0.97, 5, 1000, 3, 0, 996, 1, 3, 38,  1
 1000, 5, 80, 10, 10, 0.02, 0.93, 1, 0.97, 5, 1000, 1, 0, 998, 1, 1, 20,  2
 1000, 5, 80, 10, 10, 0.02, 0.93, 1, 0.97, 5, 1000, 2, 0, 997, 1, 2, 33,  3
 1000, 5, 80, 10, 10, 0.02, 0.93, 1, 0.97, 5, 1000, 28, 0, 996, 1, 3, 117,  4
 1000, 5, 80, 10, 10, 0.02, 0.93, 1, 0.97, 5, 1000, 644, 0, 924, 1, 75, 538,  5
 1000, 5, 80, 10, 10, 0.02, 0.93, 1, 0.97, 5, 1000, 4, 0, 995, 1, 4, 161,  6
 1000, 5, 80, 10, 10, 0.02, 0.93, 1, 0.97, 5, 1000, 1, 0, 998, 1, 1, 17,  7
 1000, 5, 80, 10, 10, 0.02, 0.93, 1, 0.97, 5, 1000, 120, 0, 982, 1, 17, 384,  8
 1000, 5, 80, 10, 10, 0.02, 0.93, 1, 0.97, 5, 1000, 98, 0, 989, 1, 10, 172,  9
 1000, 5, 80, 10, 10, 0.02, 0.93, 1, 0.97, 5, 1000, 12, 0, 991, 1, 8, 114,  10
 1000, 5, 80, 10, 10, 0.02, 0.93, 0.1, 0.97, 5, 1000, 3, 0, 99, 898, 3, 38,  1
 1000, 5, 80, 10, 10, 0.02, 0.93, 0.1, 0.97, 5, 1000, 1, 0, 100, 899, 1, 20,  2
 1000, 5, 80, 10, 10, 0.02, 0.93, 0.1, 0.97, 5, 1000, 2, 0, 100, 898, 2, 33,  3
 1000, 5, 80, 10, 10, 0.02, 0.93, 0.1, 0.97, 5, 1000, 28, 0, 102, 895, 3, 117,  4
 1000, 5, 80, 10, 10, 0.02, 0.93, 0.1, 0.97, 5, 1000, 436, 0, 100, 868, 32, 423,  5
 1000, 5, 80, 10, 10, 0.02, 0.93, 0.1, 0.97, 5, 1000, 4, 0, 100, 896, 4, 161,  6
 1000, 5, 80, 10, 10, 0.02, 0.93, 0.1, 0.97, 5, 1000, 1, 0, 100, 899, 1, 17,  7
 1000, 5, 80, 10, 10, 0.02, 0.93, 0.1, 0.97, 5, 1000, 164, 0, 106, 873, 21, 419,  8
 1000, 5, 80, 10, 10, 0.02, 0.93, 0.1, 0.97, 5, 1000, 98, 0, 101, 889, 10, 172,  9
 1000, 5, 80, 10, 10, 0.02, 0.93, 0.1, 0.97, 5, 1000, 12, 0, 101, 891, 8, 114,  10
 1000, 5, 80, 10, 10, 0.02, 0.93, 0.2, 0.97, 5, 1000, 3, 0, 198, 799, 3, 38,  1
 1000, 5, 80, 10, 10, 0.02, 0.93, 0.2, 0.97, 5, 1000, 1, 0, 200, 799, 1, 20,  2
 1000, 5, 80, 10, 10, 0.02, 0.93, 0.2, 0.97, 5, 1000, 2, 0, 200, 798, 2, 33,  3
 1000, 5, 80, 10, 10, 0.02, 0.93, 0.2, 0.97, 5, 1000, 28, 0, 201, 796, 3, 117,  4
 1000, 5, 80, 10, 10, 0.02, 0.93, 0.2, 0.97, 5, 1000, 436, 0, 196, 772, 32, 423,  5
 1000, 5, 80, 10, 10, 0.02, 0.93, 0.2, 0.97, 5, 1000, 4, 0, 200, 796, 4, 161,  6
 1000, 5, 80, 10, 10, 0.02, 0.93, 0.2, 0.97, 5, 1000, 1, 0, 200, 799, 1, 17,  7
 1000, 5, 80, 10, 10, 0.02, 0.93, 0.2, 0.97, 5, 1000, 164, 0, 203, 776, 21, 419,  8
 1000, 5, 80, 10, 10, 0.02, 0.93, 0.2, 0.97, 5, 1000, 98, 0, 200, 790, 10, 172,  9
 1000, 5, 80, 10, 10, 0.02, 0.93, 0.2, 0.97, 5, 1000, 12, 0, 199, 793, 8, 114,  10
 1000, 5, 80, 10, 10, 0.02, 0.93, 0.3, 0.97, 5, 1000, 3, 0, 298, 699, 3, 38,  1
 1000, 5, 80, 10, 10, 0.02, 0.93, 0.3, 0.97, 5, 1000, 1, 0, 299, 700, 1, 20,  2
 1000, 5, 80, 10, 10, 0.02, 0.93, 0.3, 0.97, 5, 1000, 2, 0, 298, 700, 2, 33,  3
 1000, 5, 80, 10, 10, 0.02, 0.93, 0.3, 0.97, 5, 1000, 28, 0, 299, 698, 3, 117,  4
 1000, 5, 80, 10, 10, 0.02, 0.93, 0.3, 0.97, 5, 1000, 436, 0, 290, 678, 32, 423,  5
 1000, 5, 80, 10, 10, 0.02, 0.93, 0.3, 0.97, 5, 1000, 4, 0, 299, 697, 4, 161,  6
 1000, 5, 80, 10, 10, 0.02, 0.93, 0.3, 0.97, 5, 1000, 1, 0, 300, 699, 1, 17,  7
 1000, 5, 80, 10, 10, 0.02, 0.93, 0.3, 0.97, 5, 1000, 164, 0, 294, 685, 21, 419,  8
 1000, 5, 80, 10, 10, 0.02, 0.93, 0.3, 0.97, 5, 1000, 98, 0, 299, 691, 10, 172,  9
 1000, 5, 80, 10, 10, 0.02, 0.93, 0.3, 0.97, 5, 1000, 12, 0, 299, 693, 8, 114,  10
 1000, 5, 80, 10, 10, 0.02, 0.93, 0.4, 0.97, 5, 1000, 3, 0, 397, 600, 3, 38,  1
 1000, 5, 80, 10, 10, 0.02, 0.93, 0.4, 0.97, 5, 1000, 1, 0, 399, 600, 1, 20,  2
 1000, 5, 80, 10, 10, 0.02, 0.93, 0.4, 0.97, 5, 1000, 2, 0, 397, 601, 2, 33,  3
 1000, 5, 80, 10, 10, 0.02, 0.93, 0.4, 0.97, 5, 1000, 28, 0, 399, 598, 3, 117,  4
 1000, 5, 80, 10, 10, 0.02, 0.93, 0.4, 0.97, 5, 1000, 436, 0, 388, 580, 32, 423,  5
 1000, 5, 80, 10, 10, 0.02, 0.93, 0.4, 0.97, 5, 1000, 4, 0, 399, 597, 4, 161,  6
 1000, 5, 80, 10, 10, 0.02, 0.93, 0.4, 0.97, 5, 1000, 1, 0, 399, 600, 1, 17,  7
 1000, 5, 80, 10, 10, 0.02, 0.93, 0.4, 0.97, 5, 1000, 164, 0, 392, 587, 21, 419,  8
 1000, 5, 80, 10, 10, 0.02, 0.93, 0.4, 0.97, 5, 1000, 98, 0, 396, 594, 10, 172,  9
 1000, 5, 80, 10, 10, 0.02, 0.93, 0.4, 0.97, 5, 1000, 12, 0, 398, 594, 8, 114,  10
 1000, 5, 80, 10, 10, 0.02, 0.93, 0.5, 0.97, 5, 1000, 3, 0, 497, 500, 3, 38,  1
 1000, 5, 80, 10, 10, 0.02, 0.93, 0.5, 0.97, 5, 1000, 1, 0, 499, 500, 1, 20,  2
 1000, 5, 80, 10, 10, 0.02, 0.93, 0.5, 0.97, 5, 1000, 2, 0, 497, 501, 2, 33,  3
 1000, 5, 80, 10, 10, 0.02, 0.93, 0.5, 0.97, 5, 1000, 28, 0, 498, 499, 3, 117,  4
 1000, 5, 80, 10, 10, 0.02, 0.93, 0.5, 0.97, 5, 1000, 436, 0, 486, 482, 32, 423,  5
 1000, 5, 80, 10, 10, 0.02, 0.93, 0.5, 0.97, 5, 1000, 4, 0, 499, 497, 4, 161,  6
 1000, 5, 80, 10, 10, 0.02, 0.93, 0.5, 0.97, 5, 1000, 1, 0, 499, 500, 1, 17,  7
 1000, 5, 80, 10, 10, 0.02, 0.93, 0.5, 0.97, 5, 1000, 164, 0, 491, 488, 21, 419,  8
 1000, 5, 80, 10, 10, 0.02, 0.93, 0.5, 0.97, 5, 1000, 98, 0, 494, 496, 10, 172,  9
 1000, 5, 80, 10, 10, 0.02, 0.93, 0.5, 0.97, 5, 1000, 12, 0, 495, 497, 8, 114,  10
 1000, 5, 80, 10, 10, 0.02, 0.93, 0.6, 0.97, 5, 1000, 3, 0, 597, 400, 3, 38,  1
 1000, 5, 80, 10, 10, 0.02, 0.93, 0.6, 0.97, 5, 1000, 1, 0, 599, 400, 1, 20,  2
 1000, 5, 80, 10, 10, 0.02, 0.93, 0.6, 0.97, 5, 1000, 2, 0, 597, 401, 2, 33,  3
 1000, 5, 80, 10, 10, 0.02, 0.93, 0.6, 0.97, 5, 1000, 28, 0, 598, 399, 3, 117,  4
 1000, 5, 80, 10, 10, 0.02, 0.93, 0.6, 0.97, 5, 1000, 436, 0, 583, 385, 32, 423,  5
 1000, 5, 80, 10, 10, 0.02, 0.93, 0.6, 0.97, 5, 1000, 4, 0, 597, 399, 4, 161,  6
 1000, 5, 80, 10, 10, 0.02, 0.93, 0.6, 0.97, 5, 1000, 1, 0, 599, 400, 1, 17,  7
 1000, 5, 80, 10, 10, 0.02, 0.93, 0.6, 0.97, 5, 1000, 164, 0, 588, 391, 21, 419,  8
 1000, 5, 80, 10, 10, 0.02, 0.93, 0.6, 0.97, 5, 1000, 98, 0, 593, 397, 10, 172,  9
 1000, 5, 80, 10, 10, 0.02, 0.93, 0.6, 0.97, 5, 1000, 12, 0, 593, 399, 8, 114,  10
 1000, 5, 80, 10, 10, 0.02, 0.93, 0.7, 0.97, 5, 1000, 3, 0, 697, 300, 3, 38,  1
 1000, 5, 80, 10, 10, 0.02, 0.93, 0.7, 0.97, 5, 1000, 1, 0, 699, 300, 1, 20,  2
 1000, 5, 80, 10, 10, 0.02, 0.93, 0.7, 0.97, 5, 1000, 2, 0, 697, 301, 2, 33,  3
 1000, 5, 80, 10, 10, 0.02, 0.93, 0.7, 0.97, 5, 1000, 28, 0, 698, 299, 3, 117,  4
 1000, 5, 80, 10, 10, 0.02, 0.93, 0.7, 0.97, 5, 1000, 436, 0, 677, 291, 32, 423,  5
 1000, 5, 80, 10, 10, 0.02, 0.93, 0.7, 0.97, 5, 1000, 4, 0, 697, 299, 4, 161,  6
 1000, 5, 80, 10, 10, 0.02, 0.93, 0.7, 0.97, 5, 1000, 1, 0, 699, 300, 1, 17,  7
 1000, 5, 80, 10, 10, 0.02, 0.93, 0.7, 0.97, 5, 1000, 164, 0, 685, 294, 21, 419,  8
 1000, 5, 80, 10, 10, 0.02, 0.93, 0.7, 0.97, 5, 1000, 98, 0, 692, 298, 10, 172,  9
 1000, 5, 80, 10, 10, 0.02, 0.93, 0.7, 0.97, 5, 1000, 12, 0, 693, 299, 8, 114,  10
 1000, 5, 80, 10, 10, 0.02, 0.93, 0.8, 0.97, 5, 1000, 3, 0, 796, 201, 3, 38,  1
 1000, 5, 80, 10, 10, 0.02, 0.93, 0.8, 0.97, 5, 1000, 1, 0, 799, 200, 1, 20,  2
 1000, 5, 80, 10, 10, 0.02, 0.93, 0.8, 0.97, 5, 1000, 2, 0, 797, 201, 2, 33,  3
 1000, 5, 80, 10, 10, 0.02, 0.93, 0.8, 0.97, 5, 1000, 28, 0, 798, 199, 3, 117,  4
 1000, 5, 80, 10, 10, 0.02, 0.93, 0.8, 0.97, 5, 1000, 436, 0, 773, 195, 32, 423,  5
 1000, 5, 80, 10, 10, 0.02, 0.93, 0.8, 0.97, 5, 1000, 4, 0, 797, 199, 4, 161,  6
 1000, 5, 80, 10, 10, 0.02, 0.93, 0.8, 0.97, 5, 1000, 1, 0, 799, 200, 1, 17,  7
 1000, 5, 80, 10, 10, 0.02, 0.93, 0.8, 0.97, 5, 1000, 164, 0, 784, 195, 21, 419,  8
 1000, 5, 80, 10, 10, 0.02, 0.93, 0.8, 0.97, 5, 1000, 98, 0, 791, 199, 10, 172,  9
 1000, 5, 80, 10, 10, 0.02, 0.93, 0.8, 0.97, 5, 1000, 12, 0, 792, 200, 8, 114,  10
 1000, 5, 80, 10, 10, 0.02, 0.93, 0.9, 0.97, 5, 1000, 3, 0, 896, 101, 3, 38,  1
 1000, 5, 80, 10, 10, 0.02, 0.93, 0.9, 0.97, 5, 1000, 1, 0, 899, 100, 1, 20,  2
 1000, 5, 80, 10, 10, 0.02, 0.93, 0.9, 0.97, 5, 1000, 2, 0, 897, 101, 2, 33,  3
 1000, 5, 80, 10, 10, 0.02, 0.93, 0.9, 0.97, 5, 1000, 28, 0, 898, 99, 3, 117,  4
 1000, 5, 80, 10, 10, 0.02, 0.93, 0.9, 0.97, 5, 1000, 436, 0, 870, 98, 32, 423,  5
 1000, 5, 80, 10, 10, 0.02, 0.93, 0.9, 0.97, 5, 1000, 4, 0, 896, 100, 4, 161,  6
 1000, 5, 80, 10, 10, 0.02, 0.93, 0.9, 0.97, 5, 1000, 1, 0, 898, 101, 1, 17,  7
 1000, 5, 80, 10, 10, 0.02, 0.93, 0.9, 0.97, 5, 1000, 164, 0, 881, 98, 21, 419,  8
 1000, 5, 80, 10, 10, 0.02, 0.93, 0.9, 0.97, 5, 1000, 98, 0, 890, 100, 10, 172,  9
 1000, 5, 80, 10, 10, 0.02, 0.93, 0.9, 0.97, 5, 1000, 12, 0, 892, 100, 8, 114,  10
 1000, 5, 80, 10, 10, 0.02, 0.93, 1, 0.97, 5, 1000, 3, 0, 996, 1, 3, 38,  1
 1000, 5, 80, 10, 10, 0.02, 0.93, 1, 0.97, 5, 1000, 1, 0, 998, 1, 1, 20,  2
 1000, 5, 80, 10, 10, 0.02, 0.93, 1, 0.97, 5, 1000, 2, 0, 997, 1, 2, 33,  3
 1000, 5, 80, 10, 10, 0.02, 0.93, 1, 0.97, 5, 1000, 28, 0, 996, 1, 3, 117,  4
 1000, 5, 80, 10, 10, 0.02, 0.93, 1, 0.97, 5, 1000, 436, 0, 967, 1, 32, 423,  5
 1000, 5, 80, 10, 10, 0.02, 0.93, 1, 0.97, 5, 1000, 4, 0, 995, 1, 4, 161,  6
 1000, 5, 80, 10, 10, 0.02, 0.93, 1, 0.97, 5, 1000, 1, 0, 998, 1, 1, 17,  7
 1000, 5, 80, 10, 10, 0.02, 0.93, 1, 0.97, 5, 1000, 164, 0, 978, 1, 21, 419,  8
 1000, 5, 80, 10, 10, 0.02, 0.93, 1, 0.97, 5, 1000, 98, 0, 989, 1, 10, 172,  9
 1000, 5, 80, 10, 10, 0.02, 0.93, 1, 0.97, 5, 1000, 12, 0, 991, 1, 8, 114,  10
 1000, 5, 80, 10, 10, 0.02, 0.93, 0.1, 0.97, 5, 1000, 3, 0, 99, 898, 3, 38,  1
 1000, 5, 80, 10, 10, 0.02, 0.93, 0.1, 0.97, 5, 1000, 1, 0, 100, 899, 1, 20,  2
 1000, 5, 80, 10, 10, 0.02, 0.93, 0.1, 0.97, 5, 1000, 2, 0, 100, 898, 2, 33,  3
 1000, 5, 80, 10, 10, 0.02, 0.93, 0.1, 0.97, 5, 1000, 34, 0, 100, 893, 7, 172,  4
 1000, 5, 80, 10, 10, 0.02, 0.93, 0.1, 0.97, 5, 1000, 440, 0, 98, 848, 54, 593,  5
 1000, 5, 80, 10, 10, 0.02, 0.93, 0.1, 0.97, 5, 1000, 4, 0, 100, 896, 4, 161,  6
 1000, 5, 80, 10, 10, 0.02, 0.93, 0.1, 0.97, 5, 1000, 1, 0, 100, 899, 1, 17,  7
 1000, 5, 80, 10, 10, 0.02, 0.93, 0.1, 0.97, 5, 1000, 166, 0, 101, 890, 9, 248,  8
 1000, 5, 80, 10, 10, 0.02, 0.93, 0.1, 0.97, 5, 1000, 98, 0, 101, 889, 10, 172,  9
 1000, 5, 80, 10, 10, 0.02, 0.93, 0.1, 0.97, 5, 1000, 12, 0, 101, 891, 8, 114,  10
 1000, 5, 80, 10, 10, 0.02, 0.93, 0.2, 0.97, 5, 1000, 3, 0, 198, 799, 3, 38,  1
 1000, 5, 80, 10, 10, 0.02, 0.93, 0.2, 0.97, 5, 1000, 1, 0, 200, 799, 1, 20,  2
 1000, 5, 80, 10, 10, 0.02, 0.93, 0.2, 0.97, 5, 1000, 2, 0, 200, 798, 2, 33,  3
 1000, 5, 80, 10, 10, 0.02, 0.93, 0.2, 0.97, 5, 1000, 34, 0, 199, 794, 7, 172,  4
 1000, 5, 80, 10, 10, 0.02, 0.93, 0.2, 0.97, 5, 1000, 440, 0, 193, 753, 54, 593,  5
 1000, 5, 80, 10, 10, 0.02, 0.93, 0.2, 0.97, 5, 1000, 4, 0, 200, 796, 4, 161,  6
 1000, 5, 80, 10, 10, 0.02, 0.93, 0.2, 0.97, 5, 1000, 1, 0, 200, 799, 1, 17,  7
 1000, 5, 80, 10, 10, 0.02, 0.93, 0.2, 0.97, 5, 1000, 166, 0, 201, 790, 9, 248,  8
 1000, 5, 80, 10, 10, 0.02, 0.93, 0.2, 0.97, 5, 1000, 98, 0, 200, 790, 10, 172,  9
 1000, 5, 80, 10, 10, 0.02, 0.93, 0.2, 0.97, 5, 1000, 12, 0, 199, 793, 8, 114,  10
 1000, 5, 80, 10, 10, 0.02, 0.93, 0.3, 0.97, 5, 1000, 3, 0, 298, 699, 3, 38,  1
 1000, 5, 80, 10, 10, 0.02, 0.93, 0.3, 0.97, 5, 1000, 1, 0, 299, 700, 1, 20,  2
 1000, 5, 80, 10, 10, 0.02, 0.93, 0.3, 0.97, 5, 1000, 2, 0, 298, 700, 2, 33,  3
 1000, 5, 80, 10, 10, 0.02, 0.93, 0.3, 0.97, 5, 1000, 34, 0, 297, 696, 7, 172,  4
 1000, 5, 80, 10, 10, 0.02, 0.93, 0.3, 0.97, 5, 1000, 440, 0, 283, 663, 54, 593,  5
 1000, 5, 80, 10, 10, 0.02, 0.93, 0.3, 0.97, 5, 1000, 4, 0, 299, 697, 4, 161,  6
 1000, 5, 80, 10, 10, 0.02, 0.93, 0.3, 0.97, 5, 1000, 1, 0, 300, 699, 1, 17,  7
 1000, 5, 80, 10, 10, 0.02, 0.93, 0.3, 0.97, 5, 1000, 166, 0, 296, 695, 9, 248,  8
 1000, 5, 80, 10, 10, 0.02, 0.93, 0.3, 0.97, 5, 1000, 98, 0, 299, 691, 10, 172,  9
 1000, 5, 80, 10, 10, 0.02, 0.93, 0.3, 0.97, 5, 1000, 12, 0, 299, 693, 8, 114,  10
 1000, 5, 80, 10, 10, 0.02, 0.93, 0.4, 0.97, 5, 1000, 3, 0, 397, 600, 3, 38,  1
 1000, 5, 80, 10, 10, 0.02, 0.93, 0.4, 0.97, 5, 1000, 1, 0, 399, 600, 1, 20,  2
 1000, 5, 80, 10, 10, 0.02, 0.93, 0.4, 0.97, 5, 1000, 2, 0, 397, 601, 2, 33,  3
 1000, 5, 80, 10, 10, 0.02, 0.93, 0.4, 0.97, 5, 1000, 34, 0, 397, 596, 7, 172,  4
 1000, 5, 80, 10, 10, 0.02, 0.93, 0.4, 0.97, 5, 1000, 440, 0, 377, 569, 54, 593,  5
 1000, 5, 80, 10, 10, 0.02, 0.93, 0.4, 0.97, 5, 1000, 4, 0, 399, 597, 4, 161,  6
 1000, 5, 80, 10, 10, 0.02, 0.93, 0.4, 0.97, 5, 1000, 1, 0, 399, 600, 1, 17,  7
 1000, 5, 80, 10, 10, 0.02, 0.93, 0.4, 0.97, 5, 1000, 166, 0, 396, 595, 9, 248,  8
 1000, 5, 80, 10, 10, 0.02, 0.93, 0.4, 0.97, 5, 1000, 98, 0, 396, 594, 10, 172,  9
 1000, 5, 80, 10, 10, 0.02, 0.93, 0.4, 0.97, 5, 1000, 12, 0, 398, 594, 8, 114,  10
 1000, 5, 80, 10, 10, 0.02, 0.93, 0.5, 0.97, 5, 1000, 3, 0, 497, 500, 3, 38,  1
 1000, 5, 80, 10, 10, 0.02, 0.93, 0.5, 0.97, 5, 1000, 1, 0, 499, 500, 1, 20,  2
 1000, 5, 80, 10, 10, 0.02, 0.93, 0.5, 0.97, 5, 1000, 2, 0, 497, 501, 2, 33,  3
 1000, 5, 80, 10, 10, 0.02, 0.93, 0.5, 0.97, 5, 1000, 34, 0, 495, 498, 7, 172,  4
 1000, 5, 80, 10, 10, 0.02, 0.93, 0.5, 0.97, 5, 1000, 440, 0, 475, 471, 54, 593,  5
 1000, 5, 80, 10, 10, 0.02, 0.93, 0.5, 0.97, 5, 1000, 4, 0, 499, 497, 4, 161,  6
 1000, 5, 80, 10, 10, 0.02, 0.93, 0.5, 0.97, 5, 1000, 1, 0, 499, 500, 1, 17,  7
 1000, 5, 80, 10, 10, 0.02, 0.93, 0.5, 0.97, 5, 1000, 166, 0, 496, 495, 9, 248,  8
 1000, 5, 80, 10, 10, 0.02, 0.93, 0.5, 0.97, 5, 1000, 98, 0, 494, 496, 10, 172,  9
 1000, 5, 80, 10, 10, 0.02, 0.93, 0.5, 0.97, 5, 1000, 12, 0, 495, 497, 8, 114,  10
 1000, 5, 80, 10, 10, 0.02, 0.93, 0.6, 0.97, 5, 1000, 3, 0, 597, 400, 3, 38,  1
 1000, 5, 80, 10, 10, 0.02, 0.93, 0.6, 0.97, 5, 1000, 1, 0, 599, 400, 1, 20,  2
 1000, 5, 80, 10, 10, 0.02, 0.93, 0.6, 0.97, 5, 1000, 2, 0, 597, 401, 2, 33,  3
 1000, 5, 80, 10, 10, 0.02, 0.93, 0.6, 0.97, 5, 1000, 34, 0, 595, 398, 7, 172,  4
 1000, 5, 80, 10, 10, 0.02, 0.93, 0.6, 0.97, 5, 1000, 440, 0, 570, 376, 54, 593,  5
 1000, 5, 80, 10, 10, 0.02, 0.93, 0.6, 0.97, 5, 1000, 4, 0, 597, 399, 4, 161,  6
 1000, 5, 80, 10, 10, 0.02, 0.93, 0.6, 0.97, 5, 1000, 1, 0, 599, 400, 1, 17,  7
 1000, 5, 80, 10, 10, 0.02, 0.93, 0.6, 0.97, 5, 1000, 166, 0, 595, 396, 9, 248,  8
 1000, 5, 80, 10, 10, 0.02, 0.93, 0.6, 0.97, 5, 1000, 98, 0, 593, 397, 10, 172,  9
 1000, 5, 80, 10, 10, 0.02, 0.93, 0.6, 0.97, 5, 1000, 12, 0, 593, 399, 8, 114,  10
 1000, 5, 80, 10, 10, 0.02, 0.93, 0.7, 0.97, 5, 1000, 3, 0, 697, 300, 3, 38,  1
 1000, 5, 80, 10, 10, 0.02, 0.93, 0.7, 0.97, 5, 1000, 1, 0, 699, 300, 1, 20,  2
 1000, 5, 80, 10, 10, 0.02, 0.93, 0.7, 0.97, 5, 1000, 2, 0, 697, 301, 2, 33,  3
 1000, 5, 80, 10, 10, 0.02, 0.93, 0.7, 0.97, 5, 1000, 34, 0, 695, 298, 7, 172,  4
 1000, 5, 80, 10, 10, 0.02, 0.93, 0.7, 0.97, 5, 1000, 440, 0, 662, 284, 54, 593,  5
 1000, 5, 80, 10, 10, 0.02, 0.93, 0.7, 0.97, 5, 1000, 4, 0, 697, 299, 4, 161,  6
 1000, 5, 80, 10, 10, 0.02, 0.93, 0.7, 0.97, 5, 1000, 1, 0, 699, 300, 1, 17,  7
 1000, 5, 80, 10, 10, 0.02, 0.93, 0.7, 0.97, 5, 1000, 166, 0, 694, 297, 9, 248,  8
 1000, 5, 80, 10, 10, 0.02, 0.93, 0.7, 0.97, 5, 1000, 98, 0, 692, 298, 10, 172,  9
 1000, 5, 80, 10, 10, 0.02, 0.93, 0.7, 0.97, 5, 1000, 12, 0, 693, 299, 8, 114,  10
 1000, 5, 80, 10, 10, 0.02, 0.93, 0.8, 0.97, 5, 1000, 3, 0, 796, 201, 3, 38,  1
 1000, 5, 80, 10, 10, 0.02, 0.93, 0.8, 0.97, 5, 1000, 1, 0, 799, 200, 1, 20,  2
 1000, 5, 80, 10, 10, 0.02, 0.93, 0.8, 0.97, 5, 1000, 2, 0, 797, 201, 2, 33,  3
 1000, 5, 80, 10, 10, 0.02, 0.93, 0.8, 0.97, 5, 1000, 34, 0, 795, 198, 7, 172,  4
 1000, 5, 80, 10, 10, 0.02, 0.93, 0.8, 0.97, 5, 1000, 440, 0, 756, 190, 54, 593,  5
 1000, 5, 80, 10, 10, 0.02, 0.93, 0.8, 0.97, 5, 1000, 4, 0, 797, 199, 4, 161,  6
 1000, 5, 80, 10, 10, 0.02, 0.93, 0.8, 0.97, 5, 1000, 1, 0, 799, 200, 1, 17,  7
 1000, 5, 80, 10, 10, 0.02, 0.93, 0.8, 0.97, 5, 1000, 166, 0, 793, 198, 9, 248,  8
 1000, 5, 80, 10, 10, 0.02, 0.93, 0.8, 0.97, 5, 1000, 98, 0, 791, 199, 10, 172,  9
 1000, 5, 80, 10, 10, 0.02, 0.93, 0.8, 0.97, 5, 1000, 12, 0, 792, 200, 8, 114,  10
 1000, 5, 80, 10, 10, 0.02, 0.93, 0.9, 0.97, 5, 1000, 3, 0, 896, 101, 3, 38,  1
 1000, 5, 80, 10, 10, 0.02, 0.93, 0.9, 0.97, 5, 1000, 1, 0, 899, 100, 1, 20,  2
 1000, 5, 80, 10, 10, 0.02, 0.93, 0.9, 0.97, 5, 1000, 2, 0, 897, 101, 2, 33,  3
 1000, 5, 80, 10, 10, 0.02, 0.93, 0.9, 0.97, 5, 1000, 34, 0, 893, 100, 7, 172,  4
 1000, 5, 80, 10, 10, 0.02, 0.93, 0.9, 0.97, 5, 1000, 440, 0, 850, 96, 54, 593,  5
 1000, 5, 80, 10, 10, 0.02, 0.93, 0.9, 0.97, 5, 1000, 4, 0, 896, 100, 4, 161,  6
 1000, 5, 80, 10, 10, 0.02, 0.93, 0.9, 0.97, 5, 1000, 1, 0, 898, 101, 1, 17,  7
 1000, 5, 80, 10, 10, 0.02, 0.93, 0.9, 0.97, 5, 1000, 166, 0, 892, 99, 9, 248,  8
 1000, 5, 80, 10, 10, 0.02, 0.93, 0.9, 0.97, 5, 1000, 98, 0, 890, 100, 10, 172,  9
 1000, 5, 80, 10, 10, 0.02, 0.93, 0.9, 0.97, 5, 1000, 12, 0, 892, 100, 8, 114,  10
 1000, 5, 80, 10, 10, 0.02, 0.93, 1, 0.97, 5, 1000, 3, 0, 996, 1, 3, 38,  1
 1000, 5, 80, 10, 10, 0.02, 0.93, 1, 0.97, 5, 1000, 1, 0, 998, 1, 1, 20,  2
 1000, 5, 80, 10, 10, 0.02, 0.93, 1, 0.97, 5, 1000, 2, 0, 997, 1, 2, 33,  3
 1000, 5, 80, 10, 10, 0.02, 0.93, 1, 0.97, 5, 1000, 34, 0, 992, 1, 7, 172,  4
 1000, 5, 80, 10, 10, 0.02, 0.93, 1, 0.97, 5, 1000, 440, 0, 945, 1, 54, 593,  5
 1000, 5, 80, 10, 10, 0.02, 0.93, 1, 0.97, 5, 1000, 4, 0, 995, 1, 4, 161,  6
 1000, 5, 80, 10, 10, 0.02, 0.93, 1, 0.97, 5, 1000, 1, 0, 998, 1, 1, 17,  7
 1000, 5, 80, 10, 10, 0.02, 0.93, 1, 0.97, 5, 1000, 166, 0, 990, 1, 9, 248,  8
 1000, 5, 80, 10, 10, 0.02, 0.93, 1, 0.97, 5, 1000, 98, 0, 989, 1, 10, 172,  9
 1000, 5, 80, 10, 10, 0.02, 0.93, 1, 0.97, 5, 1000, 12, 0, 991, 1, 8, 114,  10
